filename,width,height,class,xmin,ymin,xmax,ymax
ST_20190917_SPTHAZE_5120715_jpg.rf.09fb2eecb2449a63f1f239f5fbb713aa.jpg,416,416,mask,336,71,402,121
ST_20190917_SPTHAZE_5120715_jpg.rf.09fb2eecb2449a63f1f239f5fbb713aa.jpg,416,416,mask,245,69,294,121
ST_20190917_SPTHAZE_5120715_jpg.rf.09fb2eecb2449a63f1f239f5fbb713aa.jpg,416,416,mask,161,69,209,121
ST_20190917_SPTHAZE_5120715_jpg.rf.09fb2eecb2449a63f1f239f5fbb713aa.jpg,416,416,mask,140,128,216,214
ST_20190917_SPTHAZE_5120715_jpg.rf.09fb2eecb2449a63f1f239f5fbb713aa.jpg,416,416,mask,275,129,345,211
ST_20190917_SPTHAZE_5120715_jpg.rf.09fb2eecb2449a63f1f239f5fbb713aa.jpg,416,416,mask,83,225,257,343
ST_20190917_SPTHAZE_5120715_jpg.rf.09fb2eecb2449a63f1f239f5fbb713aa.jpg,416,416,mask,16,84,99,195
sdsdsff_jpg.rf.09e108ae66cf64a3e852ba71cd079040.jpg,416,416,mask,312,121,355,171
sdsdsff_jpg.rf.09e108ae66cf64a3e852ba71cd079040.jpg,416,416,mask,247,125,297,173
sdsdsff_jpg.rf.09e108ae66cf64a3e852ba71cd079040.jpg,416,416,mask,164,136,205,182
sdsdsff_jpg.rf.09e108ae66cf64a3e852ba71cd079040.jpg,416,416,mask,90,125,125,170
sdsdsff_jpg.rf.09e108ae66cf64a3e852ba71cd079040.jpg,416,416,mask,7,133,42,175
w1240-p16x9-5f8aa310737f8e0e6c43d95a68a82b03b6f60106_jpg.rf.104bedd5b3bad4a0d0a453203e0617a3.jpg,416,416,no-mask,325,125,346,147
w1240-p16x9-5f8aa310737f8e0e6c43d95a68a82b03b6f60106_jpg.rf.104bedd5b3bad4a0d0a453203e0617a3.jpg,416,416,mask,16,115,47,155
w1240-p16x9-5f8aa310737f8e0e6c43d95a68a82b03b6f60106_jpg.rf.104bedd5b3bad4a0d0a453203e0617a3.jpg,416,416,mask,53,131,85,168
w1240-p16x9-5f8aa310737f8e0e6c43d95a68a82b03b6f60106_jpg.rf.104bedd5b3bad4a0d0a453203e0617a3.jpg,416,416,mask,110,117,133,141
w1240-p16x9-5f8aa310737f8e0e6c43d95a68a82b03b6f60106_jpg.rf.104bedd5b3bad4a0d0a453203e0617a3.jpg,416,416,mask,135,109,163,142
w1240-p16x9-5f8aa310737f8e0e6c43d95a68a82b03b6f60106_jpg.rf.104bedd5b3bad4a0d0a453203e0617a3.jpg,416,416,mask,182,126,206,154
w1240-p16x9-5f8aa310737f8e0e6c43d95a68a82b03b6f60106_jpg.rf.104bedd5b3bad4a0d0a453203e0617a3.jpg,416,416,mask,244,135,262,162
w1240-p16x9-5f8aa310737f8e0e6c43d95a68a82b03b6f60106_jpg.rf.104bedd5b3bad4a0d0a453203e0617a3.jpg,416,416,mask,378,118,405,151
w1240-p16x9-5f8aa310737f8e0e6c43d95a68a82b03b6f60106_jpg.rf.104bedd5b3bad4a0d0a453203e0617a3.jpg,416,416,mask,352,113,380,145
w1240-p16x9-5f8aa310737f8e0e6c43d95a68a82b03b6f60106_jpg.rf.104bedd5b3bad4a0d0a453203e0617a3.jpg,416,416,mask,300,115,328,149
w1240-p16x9-5f8aa310737f8e0e6c43d95a68a82b03b6f60106_jpg.rf.104bedd5b3bad4a0d0a453203e0617a3.jpg,416,416,mask,274,133,311,179
w1240-p16x9-5f8aa310737f8e0e6c43d95a68a82b03b6f60106_jpg.rf.104bedd5b3bad4a0d0a453203e0617a3.jpg,416,416,mask,255,127,289,173
w1240-p16x9-5f8aa310737f8e0e6c43d95a68a82b03b6f60106_jpg.rf.104bedd5b3bad4a0d0a453203e0617a3.jpg,416,416,mask,225,122,250,157
w1240-p16x9-5f8aa310737f8e0e6c43d95a68a82b03b6f60106_jpg.rf.104bedd5b3bad4a0d0a453203e0617a3.jpg,416,416,mask,156,128,180,157
w1240-p16x9-5f8aa310737f8e0e6c43d95a68a82b03b6f60106_jpg.rf.104bedd5b3bad4a0d0a453203e0617a3.jpg,416,416,mask,124,131,158,164
w1240-p16x9-5f8aa310737f8e0e6c43d95a68a82b03b6f60106_jpg.rf.104bedd5b3bad4a0d0a453203e0617a3.jpg,416,416,mask,164,177,201,213
w1240-p16x9-5f8aa310737f8e0e6c43d95a68a82b03b6f60106_jpg.rf.104bedd5b3bad4a0d0a453203e0617a3.jpg,416,416,mask,203,121,228,153
1580128422_jpg.rf.182b42586c5d5ea95a75c17449c48ad3.jpg,416,416,no-mask,80,210,128,266
1580128422_jpg.rf.182b42586c5d5ea95a75c17449c48ad3.jpg,416,416,mask,356,217,402,280
1580128422_jpg.rf.182b42586c5d5ea95a75c17449c48ad3.jpg,416,416,mask,308,190,345,245
1580128422_jpg.rf.182b42586c5d5ea95a75c17449c48ad3.jpg,416,416,mask,242,207,292,264
thumbnail-ba5c72edb320b49a69e86b05775c49b2-scaled-1_jpeg.rf.035d587add7bc2a6c7616d72e56bfad4.jpg,416,416,no-mask,253,120,269,141
thumbnail-ba5c72edb320b49a69e86b05775c49b2-scaled-1_jpeg.rf.035d587add7bc2a6c7616d72e56bfad4.jpg,416,416,mask,84,128,98,143
thumbnail-ba5c72edb320b49a69e86b05775c49b2-scaled-1_jpeg.rf.035d587add7bc2a6c7616d72e56bfad4.jpg,416,416,mask,371,69,412,119
thumbnail-ba5c72edb320b49a69e86b05775c49b2-scaled-1_jpeg.rf.035d587add7bc2a6c7616d72e56bfad4.jpg,416,416,mask,270,92,311,136
thumbnail-ba5c72edb320b49a69e86b05775c49b2-scaled-1_jpeg.rf.035d587add7bc2a6c7616d72e56bfad4.jpg,416,416,mask,203,87,242,131
thumbnail-ba5c72edb320b49a69e86b05775c49b2-scaled-1_jpeg.rf.035d587add7bc2a6c7616d72e56bfad4.jpg,416,416,mask,161,84,194,124
thumbnail-ba5c72edb320b49a69e86b05775c49b2-scaled-1_jpeg.rf.035d587add7bc2a6c7616d72e56bfad4.jpg,416,416,mask,104,108,134,143
thumbnail-ba5c72edb320b49a69e86b05775c49b2-scaled-1_jpeg.rf.035d587add7bc2a6c7616d72e56bfad4.jpg,416,416,mask,52,102,78,131
thumbnail-ba5c72edb320b49a69e86b05775c49b2-scaled-1_jpeg.rf.035d587add7bc2a6c7616d72e56bfad4.jpg,416,416,mask,11,105,39,134
pollution-mask-CE5HYF_jpg.rf.21d8ab9eb19a6cd10956c96a0cfeff57.jpg,416,416,mask,262,138,336,246
pollution-mask-CE5HYF_jpg.rf.21d8ab9eb19a6cd10956c96a0cfeff57.jpg,416,416,mask,156,90,270,236
US-expands-coronavirus-screenings-United-suspends-some-flights-to-China_jpg.rf.1cf554343f0453f6e0a1bd2781cebea9.jpg,416,416,no-mask,103,93,185,177
US-expands-coronavirus-screenings-United-suspends-some-flights-to-China_jpg.rf.1cf554343f0453f6e0a1bd2781cebea9.jpg,416,416,mask,194,78,303,184
so(19)_jpg.rf.0f2cb945829d1efef8e7fdf7757bd27e.jpg,416,416,mask,326,156,399,229
so(19)_jpg.rf.0f2cb945829d1efef8e7fdf7757bd27e.jpg,416,416,mask,186,125,236,176
so(19)_jpg.rf.0f2cb945829d1efef8e7fdf7757bd27e.jpg,416,416,mask,59,173,109,214
1-200102094256105_png.rf.22dcc10b1378b9ea7f05c83d04c052aa.jpg,416,416,mask,126,53,310,282
so(24) (1)_jpg.rf.1f4af0bfb01c55eb2ebf890b72a6f58c.jpg,416,416,mask,274,135,356,214
so(24) (1)_jpg.rf.1f4af0bfb01c55eb2ebf890b72a6f58c.jpg,416,416,mask,199,164,248,213
so(24) (1)_jpg.rf.1f4af0bfb01c55eb2ebf890b72a6f58c.jpg,416,416,mask,149,178,165,204
so(24) (1)_jpg.rf.1f4af0bfb01c55eb2ebf890b72a6f58c.jpg,416,416,mask,124,170,155,204
so(24) (1)_jpg.rf.1f4af0bfb01c55eb2ebf890b72a6f58c.jpg,416,416,mask,49,80,128,164
TB2R28UvUOWBKNjSZKzXXXfWFXa_!!1116877752_jpg.rf.246ac310a70b6f9a13d530c71816a5af.jpg,416,416,mask,230,81,379,255
TB2R28UvUOWBKNjSZKzXXXfWFXa_!!1116877752_jpg.rf.246ac310a70b6f9a13d530c71816a5af.jpg,416,416,mask,55,40,205,218
0002526673_jpg.rf.2c547115c01c1b5a10c6d467551f0cae.jpg,416,416,mask,69,163,86,181
0002526673_jpg.rf.2c547115c01c1b5a10c6d467551f0cae.jpg,416,416,mask,158,142,206,199
1303078448-China-Coronavirus-Death-Toll-Hits-304_jpg.rf.353f9ffe10e6823c6c363687d88441ba.jpg,416,416,mask,122,100,201,209
0450908675_50159485_mutation-virus-chine-inquietude_jpg.rf.466d55e174c1bc43889c49b06aad0d75.jpg,416,416,mask,278,91,318,136
0450908675_50159485_mutation-virus-chine-inquietude_jpg.rf.466d55e174c1bc43889c49b06aad0d75.jpg,416,416,mask,191,79,229,118
0450908675_50159485_mutation-virus-chine-inquietude_jpg.rf.466d55e174c1bc43889c49b06aad0d75.jpg,416,416,mask,218,156,253,192
0450908675_50159485_mutation-virus-chine-inquietude_jpg.rf.466d55e174c1bc43889c49b06aad0d75.jpg,416,416,no-mask,90,79,125,114
1152x768_246964803156_jpg.rf.3ea9205f57b870e2ca83cc18349402f4.jpg,416,416,mask,184,110,219,151
1152x768_246964803156_jpg.rf.3ea9205f57b870e2ca83cc18349402f4.jpg,416,416,mask,26,121,42,148
1152x768_246964803156_jpg.rf.3ea9205f57b870e2ca83cc18349402f4.jpg,416,416,no-mask,13,100,33,123
1152x768_246964803156_jpg.rf.3ea9205f57b870e2ca83cc18349402f4.jpg,416,416,no-mask,263,95,287,127
1152x768_246964803156_jpg.rf.3ea9205f57b870e2ca83cc18349402f4.jpg,416,416,mask,58,114,88,148
1152x768_246964803156_jpg.rf.3ea9205f57b870e2ca83cc18349402f4.jpg,416,416,mask,318,78,354,126
1152x768_246964803156_jpg.rf.3ea9205f57b870e2ca83cc18349402f4.jpg,416,416,no-mask,230,97,256,130
1152x768_246964803156_jpg.rf.3ea9205f57b870e2ca83cc18349402f4.jpg,416,416,no-mask,94,97,116,121
1152x768_246964803156_jpg.rf.3ea9205f57b870e2ca83cc18349402f4.jpg,416,416,no-mask,133,100,157,134
130624011830-malaysia-smog-students-horizontal-large-gallery_jpg.rf.52c2d92bc918a8bf50e76895031ec3a0.jpg,416,416,mask,315,148,328,166
130624011830-malaysia-smog-students-horizontal-large-gallery_jpg.rf.52c2d92bc918a8bf50e76895031ec3a0.jpg,416,416,mask,378,137,397,162
130624011830-malaysia-smog-students-horizontal-large-gallery_jpg.rf.52c2d92bc918a8bf50e76895031ec3a0.jpg,416,416,mask,360,136,379,162
130624011830-malaysia-smog-students-horizontal-large-gallery_jpg.rf.52c2d92bc918a8bf50e76895031ec3a0.jpg,416,416,mask,328,129,351,157
130624011830-malaysia-smog-students-horizontal-large-gallery_jpg.rf.52c2d92bc918a8bf50e76895031ec3a0.jpg,416,416,mask,287,125,306,154
130624011830-malaysia-smog-students-horizontal-large-gallery_jpg.rf.52c2d92bc918a8bf50e76895031ec3a0.jpg,416,416,mask,263,123,285,153
130624011830-malaysia-smog-students-horizontal-large-gallery_jpg.rf.52c2d92bc918a8bf50e76895031ec3a0.jpg,416,416,mask,206,106,234,141
130624011830-malaysia-smog-students-horizontal-large-gallery_jpg.rf.52c2d92bc918a8bf50e76895031ec3a0.jpg,416,416,mask,158,96,190,138
130624011830-malaysia-smog-students-horizontal-large-gallery_jpg.rf.52c2d92bc918a8bf50e76895031ec3a0.jpg,416,416,mask,147,149,167,174
130624011830-malaysia-smog-students-horizontal-large-gallery_jpg.rf.52c2d92bc918a8bf50e76895031ec3a0.jpg,416,416,mask,101,152,124,176
130624011830-malaysia-smog-students-horizontal-large-gallery_jpg.rf.52c2d92bc918a8bf50e76895031ec3a0.jpg,416,416,mask,1,133,23,158
130624011830-malaysia-smog-students-horizontal-large-gallery_jpg.rf.52c2d92bc918a8bf50e76895031ec3a0.jpg,416,416,mask,38,92,73,132
r1p00017o82psp0o0or_jpg.rf.4bd9169e3618ad676e3840939a868342.jpg,416,416,mask,202,39,296,139
shutterstock_289132226_jpg.rf.2fb2653c829b5d8f4442db65341441c0.jpg,416,416,mask,266,113,328,175
shutterstock_289132226_jpg.rf.2fb2653c829b5d8f4442db65341441c0.jpg,416,416,mask,176,104,239,168
shutterstock_289132226_jpg.rf.2fb2653c829b5d8f4442db65341441c0.jpg,416,416,mask,78,98,137,169
sars-gettyimages-157005245_jpg.rf.5f33a6bd1f780b98e348507f3835d4d6.jpg,416,416,mask,395,187,409,207
sars-gettyimages-157005245_jpg.rf.5f33a6bd1f780b98e348507f3835d4d6.jpg,416,416,mask,269,175,326,233
sars-gettyimages-157005245_jpg.rf.5f33a6bd1f780b98e348507f3835d4d6.jpg,416,416,mask,55,100,195,241
sars-gettyimages-157005245_jpg.rf.5f33a6bd1f780b98e348507f3835d4d6.jpg,416,416,mask,42,165,115,265
ST_20170401_EASAND_3046471_jpg.rf.53b81c9038b86e2964978d3d9eefea8f.jpg,416,416,mask,347,75,398,134
ST_20170401_EASAND_3046471_jpg.rf.53b81c9038b86e2964978d3d9eefea8f.jpg,416,416,mask,329,87,364,139
ST_20170401_EASAND_3046471_jpg.rf.53b81c9038b86e2964978d3d9eefea8f.jpg,416,416,mask,283,82,333,142
ST_20170401_EASAND_3046471_jpg.rf.53b81c9038b86e2964978d3d9eefea8f.jpg,416,416,mask,246,93,288,154
ST_20170401_EASAND_3046471_jpg.rf.53b81c9038b86e2964978d3d9eefea8f.jpg,416,416,mask,213,111,259,170
ST_20170401_EASAND_3046471_jpg.rf.53b81c9038b86e2964978d3d9eefea8f.jpg,416,416,mask,184,102,226,159
ST_20170401_EASAND_3046471_jpg.rf.53b81c9038b86e2964978d3d9eefea8f.jpg,416,416,mask,76,111,127,169
ST_20170401_EASAND_3046471_jpg.rf.53b81c9038b86e2964978d3d9eefea8f.jpg,416,416,mask,4,111,49,167
TASS38012699_jpg.rf.2ae7b2aacba7e9e3eeb8dd3df8df8baf.jpg,416,416,no-mask,255,199,273,218
TASS38012699_jpg.rf.2ae7b2aacba7e9e3eeb8dd3df8df8baf.jpg,416,416,no-mask,321,218,350,249
TASS38012699_jpg.rf.2ae7b2aacba7e9e3eeb8dd3df8df8baf.jpg,416,416,no-mask,269,251,312,296
TASS38012699_jpg.rf.2ae7b2aacba7e9e3eeb8dd3df8df8baf.jpg,416,416,no-mask,32,173,58,209
TASS38012699_jpg.rf.2ae7b2aacba7e9e3eeb8dd3df8df8baf.jpg,416,416,no-mask,234,239,280,284
TASS38012699_jpg.rf.2ae7b2aacba7e9e3eeb8dd3df8df8baf.jpg,416,416,no-mask,217,164,241,191
TASS38012699_jpg.rf.2ae7b2aacba7e9e3eeb8dd3df8df8baf.jpg,416,416,no-mask,394,204,414,243
TASS38012699_jpg.rf.2ae7b2aacba7e9e3eeb8dd3df8df8baf.jpg,416,416,mask,171,116,210,163
PRI_129079114_1580299603_195_jpg.rf.4906d1ce61ad9a5c86ccfe7e4e261159.jpg,416,416,mask,227,130,344,290
PRI_129079114_1580299603_195_jpg.rf.4906d1ce61ad9a5c86ccfe7e4e261159.jpg,416,416,mask,59,76,225,283
Smog-Mask-PM2-5-Carbon-Filter-Face-Masks-Fog-Dust-Air-Cleaner-anti-pollution-Face-Protector_jpg.rf.282b5e45b24750c08d6ea03ec9120177.jpg,416,416,mask,25,228,116,358
Smog-Mask-PM2-5-Carbon-Filter-Face-Masks-Fog-Dust-Air-Cleaner-anti-pollution-Face-Protector_jpg.rf.282b5e45b24750c08d6ea03ec9120177.jpg,416,416,mask,159,228,264,363
Smog-Mask-PM2-5-Carbon-Filter-Face-Masks-Fog-Dust-Air-Cleaner-anti-pollution-Face-Protector_jpg.rf.282b5e45b24750c08d6ea03ec9120177.jpg,416,416,mask,306,228,395,356
Smog-Mask-PM2-5-Carbon-Filter-Face-Masks-Fog-Dust-Air-Cleaner-anti-pollution-Face-Protector_jpg.rf.282b5e45b24750c08d6ea03ec9120177.jpg,416,416,mask,304,44,388,166
Smog-Mask-PM2-5-Carbon-Filter-Face-Masks-Fog-Dust-Air-Cleaner-anti-pollution-Face-Protector_jpg.rf.282b5e45b24750c08d6ea03ec9120177.jpg,416,416,mask,162,48,249,167
Smog-Mask-PM2-5-Carbon-Filter-Face-Masks-Fog-Dust-Air-Cleaner-anti-pollution-Face-Protector_jpg.rf.282b5e45b24750c08d6ea03ec9120177.jpg,416,416,mask,27,48,110,170
RTX1GIDS_jpg.rf.5b4032f806a5d6f517ee374f27bd1f63.jpg,416,416,no-mask,274,89,297,117
RTX1GIDS_jpg.rf.5b4032f806a5d6f517ee374f27bd1f63.jpg,416,416,no-mask,161,87,207,141
RTX1GIDS_jpg.rf.5b4032f806a5d6f517ee374f27bd1f63.jpg,416,416,no-mask,73,115,97,146
RTX1GIDS_jpg.rf.5b4032f806a5d6f517ee374f27bd1f63.jpg,416,416,no-mask,1,123,20,158
RTX1GIDS_jpg.rf.5b4032f806a5d6f517ee374f27bd1f63.jpg,416,416,mask,92,107,123,147
RTX1GIDS_jpg.rf.5b4032f806a5d6f517ee374f27bd1f63.jpg,416,416,mask,305,105,403,231
RTX1GIDS_jpg.rf.5b4032f806a5d6f517ee374f27bd1f63.jpg,416,416,mask,98,129,204,269
pic_list_out_2285_jpg.rf.3ff40a6045e4046772bc2c2645ccc645.jpg,416,416,mask,303,158,410,288
pic_list_out_2285_jpg.rf.3ff40a6045e4046772bc2c2645ccc645.jpg,416,416,mask,187,51,291,199
1125506397_15801322207531n_jpg.rf.2c690122cfecf93fe31fcd327986e0e2.jpg,416,416,mask,320,134,348,170
1125506397_15801322207531n_jpg.rf.2c690122cfecf93fe31fcd327986e0e2.jpg,416,416,mask,201,138,228,175
1125506397_15801322207531n_jpg.rf.2c690122cfecf93fe31fcd327986e0e2.jpg,416,416,mask,105,115,133,152
000b7b75-1600_jpg.rf.5d7117e8571505dbfe49e2f737089ea0.jpg,416,416,no-mask,72,107,114,153
000b7b75-1600_jpg.rf.5d7117e8571505dbfe49e2f737089ea0.jpg,416,416,no-mask,263,124,297,165
000b7b75-1600_jpg.rf.5d7117e8571505dbfe49e2f737089ea0.jpg,416,416,mask,311,148,361,209
000b7b75-1600_jpg.rf.5d7117e8571505dbfe49e2f737089ea0.jpg,416,416,mask,200,134,241,190
000b7b75-1600_jpg.rf.5d7117e8571505dbfe49e2f737089ea0.jpg,416,416,mask,0,144,30,192
000b7b75-1600_jpg.rf.5d7117e8571505dbfe49e2f737089ea0.jpg,416,416,mask,127,117,155,146
000b7b75-1600_jpg.rf.5d7117e8571505dbfe49e2f737089ea0.jpg,416,416,mask,150,138,192,185
000b7b75-1600_jpg.rf.5d7117e8571505dbfe49e2f737089ea0.jpg,416,416,mask,49,139,106,205
UDD3JG3E4JFQ5KSFNGQQ5REINU_jpg.rf.407dec06f156a19662ff3e2cb2719dce.jpg,416,416,mask,207,102,230,122
UDD3JG3E4JFQ5KSFNGQQ5REINU_jpg.rf.407dec06f156a19662ff3e2cb2719dce.jpg,416,416,no-mask,270,108,297,141
UDD3JG3E4JFQ5KSFNGQQ5REINU_jpg.rf.407dec06f156a19662ff3e2cb2719dce.jpg,416,416,mask,327,103,350,132
UDD3JG3E4JFQ5KSFNGQQ5REINU_jpg.rf.407dec06f156a19662ff3e2cb2719dce.jpg,416,416,no-mask,350,163,374,203
UDD3JG3E4JFQ5KSFNGQQ5REINU_jpg.rf.407dec06f156a19662ff3e2cb2719dce.jpg,416,416,mask,365,150,414,214
UDD3JG3E4JFQ5KSFNGQQ5REINU_jpg.rf.407dec06f156a19662ff3e2cb2719dce.jpg,416,416,mask,317,132,349,178
UDD3JG3E4JFQ5KSFNGQQ5REINU_jpg.rf.407dec06f156a19662ff3e2cb2719dce.jpg,416,416,mask,274,141,315,191
UDD3JG3E4JFQ5KSFNGQQ5REINU_jpg.rf.407dec06f156a19662ff3e2cb2719dce.jpg,416,416,mask,226,139,260,180
UDD3JG3E4JFQ5KSFNGQQ5REINU_jpg.rf.407dec06f156a19662ff3e2cb2719dce.jpg,416,416,mask,205,123,228,157
UDD3JG3E4JFQ5KSFNGQQ5REINU_jpg.rf.407dec06f156a19662ff3e2cb2719dce.jpg,416,416,mask,196,117,219,142
UDD3JG3E4JFQ5KSFNGQQ5REINU_jpg.rf.407dec06f156a19662ff3e2cb2719dce.jpg,416,416,mask,182,120,197,144
UDD3JG3E4JFQ5KSFNGQQ5REINU_jpg.rf.407dec06f156a19662ff3e2cb2719dce.jpg,416,416,mask,158,114,184,145
UDD3JG3E4JFQ5KSFNGQQ5REINU_jpg.rf.407dec06f156a19662ff3e2cb2719dce.jpg,416,416,mask,98,120,125,148
UDD3JG3E4JFQ5KSFNGQQ5REINU_jpg.rf.407dec06f156a19662ff3e2cb2719dce.jpg,416,416,mask,67,123,90,147
UDD3JG3E4JFQ5KSFNGQQ5REINU_jpg.rf.407dec06f156a19662ff3e2cb2719dce.jpg,416,416,mask,2,124,34,160
125895-untitled-design-30_jpg.rf.6465ad60ebf89d2ea25dded290c87583.jpg,416,416,mask,322,93,335,110
125895-untitled-design-30_jpg.rf.6465ad60ebf89d2ea25dded290c87583.jpg,416,416,mask,222,97,241,118
125895-untitled-design-30_jpg.rf.6465ad60ebf89d2ea25dded290c87583.jpg,416,416,mask,160,94,173,106
125895-untitled-design-30_jpg.rf.6465ad60ebf89d2ea25dded290c87583.jpg,416,416,mask,182,98,196,112
125895-untitled-design-30_jpg.rf.6465ad60ebf89d2ea25dded290c87583.jpg,416,416,mask,97,95,119,125
125895-untitled-design-30_jpg.rf.6465ad60ebf89d2ea25dded290c87583.jpg,416,416,mask,85,105,107,137
125895-untitled-design-30_jpg.rf.6465ad60ebf89d2ea25dded290c87583.jpg,416,416,mask,45,197,95,256
125895-untitled-design-30_jpg.rf.6465ad60ebf89d2ea25dded290c87583.jpg,416,416,mask,124,178,158,227
125895-untitled-design-30_jpg.rf.6465ad60ebf89d2ea25dded290c87583.jpg,416,416,mask,157,138,189,178
125895-untitled-design-30_jpg.rf.6465ad60ebf89d2ea25dded290c87583.jpg,416,416,mask,211,128,239,166
125895-untitled-design-30_jpg.rf.6465ad60ebf89d2ea25dded290c87583.jpg,416,416,mask,220,160,253,203
125895-untitled-design-30_jpg.rf.6465ad60ebf89d2ea25dded290c87583.jpg,416,416,mask,256,124,288,162
125895-untitled-design-30_jpg.rf.6465ad60ebf89d2ea25dded290c87583.jpg,416,416,mask,328,109,349,138
125895-untitled-design-30_jpg.rf.6465ad60ebf89d2ea25dded290c87583.jpg,416,416,mask,346,95,365,112
125895-untitled-design-30_jpg.rf.6465ad60ebf89d2ea25dded290c87583.jpg,416,416,no-mask,302,109,320,132
1_13_jpg.rf.53ab50cc136587dec9d42678014977f1.jpg,416,416,mask,355,142,403,200
1_13_jpg.rf.53ab50cc136587dec9d42678014977f1.jpg,416,416,mask,330,162,352,192
1_13_jpg.rf.53ab50cc136587dec9d42678014977f1.jpg,416,416,mask,236,101,255,130
1_13_jpg.rf.53ab50cc136587dec9d42678014977f1.jpg,416,416,mask,194,115,223,148
1_13_jpg.rf.53ab50cc136587dec9d42678014977f1.jpg,416,416,mask,134,99,162,128
1_13_jpg.rf.53ab50cc136587dec9d42678014977f1.jpg,416,416,mask,47,116,105,187
1_R_kFK9pNLfKAuopY_lAaPQ_jpeg.rf.6099e0a6d528f19fa772e7aa9f1755e5.jpg,416,416,no-mask,117,220,139,244
1_R_kFK9pNLfKAuopY_lAaPQ_jpeg.rf.6099e0a6d528f19fa772e7aa9f1755e5.jpg,416,416,mask,349,173,383,217
1_R_kFK9pNLfKAuopY_lAaPQ_jpeg.rf.6099e0a6d528f19fa772e7aa9f1755e5.jpg,416,416,mask,300,180,330,223
Untitled-design-13_png.rf.612ee6f2911872a9bc2a7de326dea042.jpg,416,416,mask,201,167,284,253
1125506397_15801322207071n_jpg.rf.4af8170b619c5e1992c9ffd14c60d031.jpg,416,416,mask,358,65,390,103
1125506397_15801322207071n_jpg.rf.4af8170b619c5e1992c9ffd14c60d031.jpg,416,416,mask,292,70,328,117
1125506397_15801322207071n_jpg.rf.4af8170b619c5e1992c9ffd14c60d031.jpg,416,416,mask,205,123,237,166
1125506397_15801322207071n_jpg.rf.4af8170b619c5e1992c9ffd14c60d031.jpg,416,416,mask,176,84,207,125
1125506397_15801322207071n_jpg.rf.4af8170b619c5e1992c9ffd14c60d031.jpg,416,416,mask,154,103,175,129
1125506397_15801322207071n_jpg.rf.4af8170b619c5e1992c9ffd14c60d031.jpg,416,416,mask,97,87,135,134
1125506397_15801322207071n_jpg.rf.4af8170b619c5e1992c9ffd14c60d031.jpg,416,416,mask,63,76,93,112
unnamed_jpg.rf.638850185c6f05a027f34188518f6a9e.jpg,416,416,no-mask,293,105,322,139
unnamed_jpg.rf.638850185c6f05a027f34188518f6a9e.jpg,416,416,no-mask,253,82,283,116
unnamed_jpg.rf.638850185c6f05a027f34188518f6a9e.jpg,416,416,mask,168,108,195,141
unnamed_jpg.rf.638850185c6f05a027f34188518f6a9e.jpg,416,416,mask,169,124,205,166
unnamed_jpg.rf.638850185c6f05a027f34188518f6a9e.jpg,416,416,mask,140,133,186,182
unnamed_jpg.rf.638850185c6f05a027f34188518f6a9e.jpg,416,416,mask,264,118,299,158
unnamed_jpg.rf.638850185c6f05a027f34188518f6a9e.jpg,416,416,mask,346,84,374,114
unnamed_jpg.rf.638850185c6f05a027f34188518f6a9e.jpg,416,416,mask,354,108,380,147
unnamed_jpg.rf.638850185c6f05a027f34188518f6a9e.jpg,416,416,mask,312,114,355,160
unnamed_jpg.rf.638850185c6f05a027f34188518f6a9e.jpg,416,416,mask,338,146,400,213
unnamed_jpg.rf.638850185c6f05a027f34188518f6a9e.jpg,416,416,mask,192,95,255,168
unnamed_jpg.rf.638850185c6f05a027f34188518f6a9e.jpg,416,416,mask,10,91,59,154
unnamed_jpg.rf.638850185c6f05a027f34188518f6a9e.jpg,416,416,mask,38,126,113,206
stsciRq_png.rf.32af3f507296909b52bed7d5649e6d45.jpg,416,416,mask,174,301,249,383
stsciRq_png.rf.32af3f507296909b52bed7d5649e6d45.jpg,416,416,mask,156,103,261,230
1249493_jpg.rf.64cad435d15dc175168c3595c69d0de2.jpg,416,416,no-mask,247,110,266,137
1249493_jpg.rf.64cad435d15dc175168c3595c69d0de2.jpg,416,416,mask,298,106,321,141
1249493_jpg.rf.64cad435d15dc175168c3595c69d0de2.jpg,416,416,mask,272,103,300,150
1249493_jpg.rf.64cad435d15dc175168c3595c69d0de2.jpg,416,416,mask,161,100,191,135
1249493_jpg.rf.64cad435d15dc175168c3595c69d0de2.jpg,416,416,mask,27,75,68,128
W37H3GWNO5EV5HTJQNP4KLIRGI_jpg.rf.6b7420e9e1049f6ac7241cce59dcc6a8.jpg,416,416,mask,205,82,306,181
0200b38c89b16c37c5de8e247bb00c2f_jpg.rf.6a5b142fd82320d571402836bce2cf0a.jpg,416,416,mask,246,83,284,129
0200b38c89b16c37c5de8e247bb00c2f_jpg.rf.6a5b142fd82320d571402836bce2cf0a.jpg,416,416,no-mask,102,117,128,147
0200b38c89b16c37c5de8e247bb00c2f_jpg.rf.6a5b142fd82320d571402836bce2cf0a.jpg,416,416,no-mask,150,75,178,109
rally-against-an-anti-mask-law-meant-to-deter-anti-government-protesters-in-hong-kong-china-shutterstock-editorial-10435716z_jpg.rf.67084d16d65a043ace3f2e66af294654.jpg,416,416,mask,94,135,120,163
rally-against-an-anti-mask-law-meant-to-deter-anti-government-protesters-in-hong-kong-china-shutterstock-editorial-10435716z_jpg.rf.67084d16d65a043ace3f2e66af294654.jpg,416,416,mask,381,186,404,209
rally-against-an-anti-mask-law-meant-to-deter-anti-government-protesters-in-hong-kong-china-shutterstock-editorial-10435716z_jpg.rf.67084d16d65a043ace3f2e66af294654.jpg,416,416,mask,375,157,392,178
rally-against-an-anti-mask-law-meant-to-deter-anti-government-protesters-in-hong-kong-china-shutterstock-editorial-10435716z_jpg.rf.67084d16d65a043ace3f2e66af294654.jpg,416,416,mask,306,177,325,197
rally-against-an-anti-mask-law-meant-to-deter-anti-government-protesters-in-hong-kong-china-shutterstock-editorial-10435716z_jpg.rf.67084d16d65a043ace3f2e66af294654.jpg,416,416,mask,365,174,388,202
rally-against-an-anti-mask-law-meant-to-deter-anti-government-protesters-in-hong-kong-china-shutterstock-editorial-10435716z_jpg.rf.67084d16d65a043ace3f2e66af294654.jpg,416,416,mask,281,170,304,202
rally-against-an-anti-mask-law-meant-to-deter-anti-government-protesters-in-hong-kong-china-shutterstock-editorial-10435716z_jpg.rf.67084d16d65a043ace3f2e66af294654.jpg,416,416,mask,318,126,373,188
rally-against-an-anti-mask-law-meant-to-deter-anti-government-protesters-in-hong-kong-china-shutterstock-editorial-10435716z_jpg.rf.67084d16d65a043ace3f2e66af294654.jpg,416,416,mask,185,87,231,142
rally-against-an-anti-mask-law-meant-to-deter-anti-government-protesters-in-hong-kong-china-shutterstock-editorial-10435716z_jpg.rf.67084d16d65a043ace3f2e66af294654.jpg,416,416,mask,90,158,118,191
rally-against-an-anti-mask-law-meant-to-deter-anti-government-protesters-in-hong-kong-china-shutterstock-editorial-10435716z_jpg.rf.67084d16d65a043ace3f2e66af294654.jpg,416,416,mask,33,127,81,196
rally-against-an-anti-mask-law-meant-to-deter-anti-government-protesters-in-hong-kong-china-shutterstock-editorial-10435716z_jpg.rf.67084d16d65a043ace3f2e66af294654.jpg,416,416,mask,5,177,42,212
rally-against-an-anti-mask-law-meant-to-deter-anti-government-protesters-in-hong-kong-china-shutterstock-editorial-10435716z_jpg.rf.67084d16d65a043ace3f2e66af294654.jpg,416,416,mask,3,132,34,171
-1x-1_jpg.rf.8d697c00929e06e6655c08835cc66c02.jpg,416,416,mask,7,66,36,80
-1x-1_jpg.rf.8d697c00929e06e6655c08835cc66c02.jpg,416,416,no-mask,117,67,147,92
-1x-1_jpg.rf.8d697c00929e06e6655c08835cc66c02.jpg,416,416,no-mask,161,67,188,95
-1x-1_jpg.rf.8d697c00929e06e6655c08835cc66c02.jpg,416,416,no-mask,225,97,257,138
-1x-1_jpg.rf.8d697c00929e06e6655c08835cc66c02.jpg,416,416,no-mask,206,109,243,156
-1x-1_jpg.rf.8d697c00929e06e6655c08835cc66c02.jpg,416,416,mask,365,131,403,178
-1x-1_jpg.rf.8d697c00929e06e6655c08835cc66c02.jpg,416,416,mask,321,95,355,136
-1x-1_jpg.rf.8d697c00929e06e6655c08835cc66c02.jpg,416,416,mask,300,166,344,217
-1x-1_jpg.rf.8d697c00929e06e6655c08835cc66c02.jpg,416,416,mask,261,77,297,123
-1x-1_jpg.rf.8d697c00929e06e6655c08835cc66c02.jpg,416,416,mask,1,190,105,312
-1x-1_jpg.rf.8d697c00929e06e6655c08835cc66c02.jpg,416,416,mask,89,85,127,131
-1x-1_jpg.rf.8d697c00929e06e6655c08835cc66c02.jpg,416,416,mask,124,81,163,136
-1x-1_jpg.rf.8d697c00929e06e6655c08835cc66c02.jpg,416,416,mask,180,150,223,208
rawImage_jpg.rf.8bdbe22463c3162f05180ff91e67f039.jpg,416,416,mask,324,116,407,227
rawImage_jpg.rf.8bdbe22463c3162f05180ff91e67f039.jpg,416,416,mask,228,76,289,144
rawImage_jpg.rf.8bdbe22463c3162f05180ff91e67f039.jpg,416,416,mask,169,91,215,158
rawImage_jpg.rf.8bdbe22463c3162f05180ff91e67f039.jpg,416,416,mask,82,141,147,225
rawImage_jpg.rf.8bdbe22463c3162f05180ff91e67f039.jpg,416,416,mask,31,72,96,137
PhotoGrid_1580452532909_jpg.rf.775b14bea12734249ff8fb91ba036856.jpg,416,416,mask,385,149,410,177
PhotoGrid_1580452532909_jpg.rf.775b14bea12734249ff8fb91ba036856.jpg,416,416,mask,333,155,360,182
PhotoGrid_1580452532909_jpg.rf.775b14bea12734249ff8fb91ba036856.jpg,416,416,mask,297,149,321,173
PhotoGrid_1580452532909_jpg.rf.775b14bea12734249ff8fb91ba036856.jpg,416,416,mask,261,150,283,174
PhotoGrid_1580452532909_jpg.rf.775b14bea12734249ff8fb91ba036856.jpg,416,416,mask,226,142,247,165
PhotoGrid_1580452532909_jpg.rf.775b14bea12734249ff8fb91ba036856.jpg,416,416,mask,172,143,195,168
PhotoGrid_1580452532909_jpg.rf.775b14bea12734249ff8fb91ba036856.jpg,416,416,mask,128,135,149,160
PhotoGrid_1580452532909_jpg.rf.775b14bea12734249ff8fb91ba036856.jpg,416,416,mask,105,126,124,151
PhotoGrid_1580452532909_jpg.rf.775b14bea12734249ff8fb91ba036856.jpg,416,416,mask,84,144,107,172
PhotoGrid_1580452532909_jpg.rf.775b14bea12734249ff8fb91ba036856.jpg,416,416,mask,44,143,68,171
PhotoGrid_1580452532909_jpg.rf.775b14bea12734249ff8fb91ba036856.jpg,416,416,mask,2,141,25,169
1580173904-0001oc33f_jpg.rf.7f27c2bbdd00c11ba838ab7bb71694f4.jpg,416,416,mask,128,167,139,179
1580173904-0001oc33f_jpg.rf.7f27c2bbdd00c11ba838ab7bb71694f4.jpg,416,416,mask,1,163,11,181
1580173904-0001oc33f_jpg.rf.7f27c2bbdd00c11ba838ab7bb71694f4.jpg,416,416,mask,180,172,188,185
1580173904-0001oc33f_jpg.rf.7f27c2bbdd00c11ba838ab7bb71694f4.jpg,416,416,mask,6,179,31,205
1580173904-0001oc33f_jpg.rf.7f27c2bbdd00c11ba838ab7bb71694f4.jpg,416,416,mask,43,170,53,184
1580173904-0001oc33f_jpg.rf.7f27c2bbdd00c11ba838ab7bb71694f4.jpg,416,416,mask,103,162,114,177
1580173904-0001oc33f_jpg.rf.7f27c2bbdd00c11ba838ab7bb71694f4.jpg,416,416,mask,123,182,147,212
1580173904-0001oc33f_jpg.rf.7f27c2bbdd00c11ba838ab7bb71694f4.jpg,416,416,mask,16,199,49,229
1580173904-0001oc33f_jpg.rf.7f27c2bbdd00c11ba838ab7bb71694f4.jpg,416,416,mask,62,164,101,208
1580173904-0001oc33f_jpg.rf.7f27c2bbdd00c11ba838ab7bb71694f4.jpg,416,416,mask,257,175,272,193
1580173904-0001oc33f_jpg.rf.7f27c2bbdd00c11ba838ab7bb71694f4.jpg,416,416,mask,270,188,295,219
1580173904-0001oc33f_jpg.rf.7f27c2bbdd00c11ba838ab7bb71694f4.jpg,416,416,mask,228,184,253,213
1580173904-0001oc33f_jpg.rf.7f27c2bbdd00c11ba838ab7bb71694f4.jpg,416,416,mask,151,169,178,210
1580173904-0001oc33f_jpg.rf.7f27c2bbdd00c11ba838ab7bb71694f4.jpg,416,416,mask,172,205,212,255
1580173904-0001oc33f_jpg.rf.7f27c2bbdd00c11ba838ab7bb71694f4.jpg,416,416,mask,378,220,406,283
1580173904-0001oc33f_jpg.rf.7f27c2bbdd00c11ba838ab7bb71694f4.jpg,416,416,mask,319,178,390,276
0_10725_jpg.rf.99ff78c82dadd6d49408164489cb6582.jpg,416,416,mask,300,196,366,270
0_10725_jpg.rf.99ff78c82dadd6d49408164489cb6582.jpg,416,416,mask,96,137,151,201
0_10725_jpg.rf.99ff78c82dadd6d49408164489cb6582.jpg,416,416,no-mask,244,130,303,195
0_10725_jpg.rf.99ff78c82dadd6d49408164489cb6582.jpg,416,416,no-mask,56,194,123,273
1042977068_jpg.rf.84c3af9736d1fe2db012d0e91aee5b23.jpg,416,416,mask,306,149,330,180
1042977068_jpg.rf.84c3af9736d1fe2db012d0e91aee5b23.jpg,416,416,mask,214,136,246,179
1042977068_jpg.rf.84c3af9736d1fe2db012d0e91aee5b23.jpg,416,416,mask,129,99,165,144
IMG_5690 2_jpg.rf.77600927c589b6817b9ac8349615381f.jpg,416,416,no-mask,76,228,97,250
IMG_5690 2_jpg.rf.77600927c589b6817b9ac8349615381f.jpg,416,416,mask,219,165,268,229
IMG_5690 2_jpg.rf.77600927c589b6817b9ac8349615381f.jpg,416,416,mask,139,169,193,237
004_1024_jpeg.rf.763d99dadfb9fe5f3f72ff3cc34f88b6.jpg,416,416,mask,132,110,232,224
1579928067_250120120154270000005e2bca03bf464_jpg.rf.a50ec0a4e4fcb491cce7766877b04c05.jpg,416,416,mask,359,103,385,133
1579928067_250120120154270000005e2bca03bf464_jpg.rf.a50ec0a4e4fcb491cce7766877b04c05.jpg,416,416,mask,318,93,342,125
1579928067_250120120154270000005e2bca03bf464_jpg.rf.a50ec0a4e4fcb491cce7766877b04c05.jpg,416,416,mask,42,102,66,127
1579928067_250120120154270000005e2bca03bf464_jpg.rf.a50ec0a4e4fcb491cce7766877b04c05.jpg,416,416,mask,78,89,122,140
1579928067_250120120154270000005e2bca03bf464_jpg.rf.a50ec0a4e4fcb491cce7766877b04c05.jpg,416,416,no-mask,283,120,294,136
1579928067_250120120154270000005e2bca03bf464_jpg.rf.a50ec0a4e4fcb491cce7766877b04c05.jpg,416,416,no-mask,238,116,250,132
0602623232127-web-tete_jpg.rf.70c23b5e96669fb4f31a7cbd6d52a670.jpg,416,416,no-mask,66,139,99,185
0602623232127-web-tete_jpg.rf.70c23b5e96669fb4f31a7cbd6d52a670.jpg,416,416,no-mask,163,144,228,217
0602623232127-web-tete_jpg.rf.70c23b5e96669fb4f31a7cbd6d52a670.jpg,416,416,no-mask,192,92,213,117
0602623232127-web-tete_jpg.rf.70c23b5e96669fb4f31a7cbd6d52a670.jpg,416,416,no-mask,125,92,149,117
0602623232127-web-tete_jpg.rf.70c23b5e96669fb4f31a7cbd6d52a670.jpg,416,416,no-mask,246,116,274,151
0602623232127-web-tete_jpg.rf.70c23b5e96669fb4f31a7cbd6d52a670.jpg,416,416,no-mask,144,108,178,149
0602623232127-web-tete_jpg.rf.70c23b5e96669fb4f31a7cbd6d52a670.jpg,416,416,no-mask,34,104,74,147
0602623232127-web-tete_jpg.rf.70c23b5e96669fb4f31a7cbd6d52a670.jpg,416,416,no-mask,34,248,73,291
0602623232127-web-tete_jpg.rf.70c23b5e96669fb4f31a7cbd6d52a670.jpg,416,416,mask,108,164,156,230
0602623232127-web-tete_jpg.rf.70c23b5e96669fb4f31a7cbd6d52a670.jpg,416,416,mask,209,96,238,131
0602623232127-web-tete_jpg.rf.70c23b5e96669fb4f31a7cbd6d52a670.jpg,416,416,mask,262,122,296,164
0602623232127-web-tete_jpg.rf.70c23b5e96669fb4f31a7cbd6d52a670.jpg,416,416,mask,327,105,387,173
0602623232127-web-tete_jpg.rf.70c23b5e96669fb4f31a7cbd6d52a670.jpg,416,416,mask,266,195,330,281
1029731146_jpg.rf.7c43f38028cd269068c0ea434b88a5c7.jpg,416,416,no-mask,11,126,61,186
1029731146_jpg.rf.7c43f38028cd269068c0ea434b88a5c7.jpg,416,416,mask,322,116,394,212
1029731146_jpg.rf.7c43f38028cd269068c0ea434b88a5c7.jpg,416,416,mask,157,102,255,238
1029731146_jpg.rf.7c43f38028cd269068c0ea434b88a5c7.jpg,416,416,mask,57,146,123,242
1024x576_939430607723_jpg.rf.7048dfb767a151c5565c1470cec10027.jpg,416,416,mask,324,130,368,184
1024x576_939430607723_jpg.rf.7048dfb767a151c5565c1470cec10027.jpg,416,416,mask,242,155,274,194
1024x576_939430607723_jpg.rf.7048dfb767a151c5565c1470cec10027.jpg,416,416,mask,196,114,231,159
1024x576_939430607723_jpg.rf.7048dfb767a151c5565c1470cec10027.jpg,416,416,mask,149,123,184,165
1024x576_939430607723_jpg.rf.7048dfb767a151c5565c1470cec10027.jpg,416,416,mask,48,140,82,183
1024x576_939430607723_jpg.rf.7048dfb767a151c5565c1470cec10027.jpg,416,416,mask,2,129,31,170
1000x-1_jpg.rf.743291b4977f67bdd59a05ee98c9e28b.jpg,416,416,no-mask,383,156,415,224
1000x-1_jpg.rf.743291b4977f67bdd59a05ee98c9e28b.jpg,416,416,mask,206,105,254,178
1000x-1_jpg.rf.743291b4977f67bdd59a05ee98c9e28b.jpg,416,416,mask,335,126,393,213
1000x-1_jpg.rf.743291b4977f67bdd59a05ee98c9e28b.jpg,416,416,mask,285,224,356,321
1000x-1_jpg.rf.743291b4977f67bdd59a05ee98c9e28b.jpg,416,416,no-mask,61,124,106,200
1000x-1_jpg.rf.743291b4977f67bdd59a05ee98c9e28b.jpg,416,416,no-mask,252,111,300,181
1000x-1_jpg.rf.743291b4977f67bdd59a05ee98c9e28b.jpg,416,416,no-mask,95,201,154,283
1000x-1_jpg.rf.743291b4977f67bdd59a05ee98c9e28b.jpg,416,416,mask,173,128,223,205
1000x-1_jpg.rf.743291b4977f67bdd59a05ee98c9e28b.jpg,416,416,mask,9,123,71,207
1553605632_9d5877d8_60_jpg.rf.827ad9a39f672aba0756c9ac68d25239.jpg,416,416,mask,326,302,348,329
1553605632_9d5877d8_60_jpg.rf.827ad9a39f672aba0756c9ac68d25239.jpg,416,416,mask,353,287,387,339
1553605632_9d5877d8_60_jpg.rf.827ad9a39f672aba0756c9ac68d25239.jpg,416,416,mask,307,256,340,291
1553605632_9d5877d8_60_jpg.rf.827ad9a39f672aba0756c9ac68d25239.jpg,416,416,mask,83,269,145,347
1553605632_9d5877d8_60_jpg.rf.827ad9a39f672aba0756c9ac68d25239.jpg,416,416,mask,1,249,69,327
1553605632_9d5877d8_60_jpg.rf.827ad9a39f672aba0756c9ac68d25239.jpg,416,416,mask,25,106,51,136
1553605632_9d5877d8_60_jpg.rf.827ad9a39f672aba0756c9ac68d25239.jpg,416,416,mask,44,80,71,119
1580166133-5b61094cac11561b0cbe09826e32a924_jpg.rf.7bdada2e62db2019a9a2f936083467c1.jpg,416,416,mask,3,179,86,330
1580166133-5b61094cac11561b0cbe09826e32a924_jpg.rf.7bdada2e62db2019a9a2f936083467c1.jpg,416,416,mask,44,89,113,175
1580166133-5b61094cac11561b0cbe09826e32a924_jpg.rf.7bdada2e62db2019a9a2f936083467c1.jpg,416,416,mask,21,130,91,218
1580166133-5b61094cac11561b0cbe09826e32a924_jpg.rf.7bdada2e62db2019a9a2f936083467c1.jpg,416,416,mask,101,126,177,236
1580166133-5b61094cac11561b0cbe09826e32a924_jpg.rf.7bdada2e62db2019a9a2f936083467c1.jpg,416,416,mask,253,69,317,139
1580166133-5b61094cac11561b0cbe09826e32a924_jpg.rf.7bdada2e62db2019a9a2f936083467c1.jpg,416,416,mask,351,70,414,149
1580166133-5b61094cac11561b0cbe09826e32a924_jpg.rf.7bdada2e62db2019a9a2f936083467c1.jpg,416,416,mask,321,172,408,280
1580166133-5b61094cac11561b0cbe09826e32a924_jpg.rf.7bdada2e62db2019a9a2f936083467c1.jpg,416,416,mask,181,138,285,281
purchase-reauisition-5de4d0f99c77d_jpg.rf.9757c9222d6e966e98faa8019a23ba0f.jpg,416,416,no-mask,278,191,290,206
purchase-reauisition-5de4d0f99c77d_jpg.rf.9757c9222d6e966e98faa8019a23ba0f.jpg,416,416,mask,1,206,44,254
purchase-reauisition-5de4d0f99c77d_jpg.rf.9757c9222d6e966e98faa8019a23ba0f.jpg,416,416,no-mask,13,175,48,209
purchase-reauisition-5de4d0f99c77d_jpg.rf.9757c9222d6e966e98faa8019a23ba0f.jpg,416,416,mask,82,168,116,221
purchase-reauisition-5de4d0f99c77d_jpg.rf.9757c9222d6e966e98faa8019a23ba0f.jpg,416,416,mask,102,166,154,226
purchase-reauisition-5de4d0f99c77d_jpg.rf.9757c9222d6e966e98faa8019a23ba0f.jpg,416,416,mask,167,176,184,210
purchase-reauisition-5de4d0f99c77d_jpg.rf.9757c9222d6e966e98faa8019a23ba0f.jpg,416,416,mask,254,184,272,215
purchase-reauisition-5de4d0f99c77d_jpg.rf.9757c9222d6e966e98faa8019a23ba0f.jpg,416,416,mask,362,179,385,212
purchase-reauisition-5de4d0f99c77d_jpg.rf.9757c9222d6e966e98faa8019a23ba0f.jpg,416,416,mask,288,141,372,221
purchase-reauisition-5de4d0f99c77d_jpg.rf.9757c9222d6e966e98faa8019a23ba0f.jpg,416,416,mask,171,105,269,227
-I1-MS09uaqsLdGTFkgnS0Rcg1mmPyAj95ySg_eckoM_jpeg.rf.8f09ebde8b7b3ea6f9180eff345ec176.jpg,416,416,mask,74,96,138,159
-I1-MS09uaqsLdGTFkgnS0Rcg1mmPyAj95ySg_eckoM_jpeg.rf.8f09ebde8b7b3ea6f9180eff345ec176.jpg,416,416,no-mask,340,220,361,242
-I1-MS09uaqsLdGTFkgnS0Rcg1mmPyAj95ySg_eckoM_jpeg.rf.8f09ebde8b7b3ea6f9180eff345ec176.jpg,416,416,mask,196,79,259,144
1133x768_20200130000023_jpg.rf.aa3997898dca01ea870b9cba18d5e3cf.jpg,416,416,mask,352,95,415,175
1133x768_20200130000023_jpg.rf.aa3997898dca01ea870b9cba18d5e3cf.jpg,416,416,mask,190,80,271,175
1133x768_20200130000023_jpg.rf.aa3997898dca01ea870b9cba18d5e3cf.jpg,416,416,mask,96,98,151,178
1133x768_20200130000023_jpg.rf.aa3997898dca01ea870b9cba18d5e3cf.jpg,416,416,mask,33,107,102,194
pjecDNMmCUQmbDoJx1fdqolnfHtpsfFK8jTA2Ng0wNg_jpeg.rf.8fe47f350be6db2c10adbc41c7f55e5b.jpg,416,416,no-mask,308,133,355,206
pjecDNMmCUQmbDoJx1fdqolnfHtpsfFK8jTA2Ng0wNg_jpeg.rf.8fe47f350be6db2c10adbc41c7f55e5b.jpg,416,416,mask,44,124,81,167
pjecDNMmCUQmbDoJx1fdqolnfHtpsfFK8jTA2Ng0wNg_jpeg.rf.8fe47f350be6db2c10adbc41c7f55e5b.jpg,416,416,mask,111,142,147,182
pjecDNMmCUQmbDoJx1fdqolnfHtpsfFK8jTA2Ng0wNg_jpeg.rf.8fe47f350be6db2c10adbc41c7f55e5b.jpg,416,416,mask,164,113,210,173
pjecDNMmCUQmbDoJx1fdqolnfHtpsfFK8jTA2Ng0wNg_jpeg.rf.8fe47f350be6db2c10adbc41c7f55e5b.jpg,416,416,mask,245,158,280,199
pjecDNMmCUQmbDoJx1fdqolnfHtpsfFK8jTA2Ng0wNg_jpeg.rf.8fe47f350be6db2c10adbc41c7f55e5b.jpg,416,416,mask,335,113,386,181
000_1ov3n5_0_jpeg.rf.a23f1c89491779996f4519858277a4e0.jpg,416,416,mask,157,110,232,183
0_8w7mkX-PHcfMM5s6_jpeg.rf.74932d662e4077ea5e4374a0038e5757.jpg,416,416,mask,289,114,300,127
0_8w7mkX-PHcfMM5s6_jpeg.rf.74932d662e4077ea5e4374a0038e5757.jpg,416,416,no-mask,38,217,52,234
0_8w7mkX-PHcfMM5s6_jpeg.rf.74932d662e4077ea5e4374a0038e5757.jpg,416,416,no-mask,61,235,74,252
0_8w7mkX-PHcfMM5s6_jpeg.rf.74932d662e4077ea5e4374a0038e5757.jpg,416,416,mask,0,190,12,207
0_8w7mkX-PHcfMM5s6_jpeg.rf.74932d662e4077ea5e4374a0038e5757.jpg,416,416,mask,44,189,63,206
0_8w7mkX-PHcfMM5s6_jpeg.rf.74932d662e4077ea5e4374a0038e5757.jpg,416,416,mask,23,186,37,202
0_8w7mkX-PHcfMM5s6_jpeg.rf.74932d662e4077ea5e4374a0038e5757.jpg,416,416,mask,31,104,44,116
0_8w7mkX-PHcfMM5s6_jpeg.rf.74932d662e4077ea5e4374a0038e5757.jpg,416,416,mask,31,112,42,125
0_8w7mkX-PHcfMM5s6_jpeg.rf.74932d662e4077ea5e4374a0038e5757.jpg,416,416,mask,64,162,77,178
0_8w7mkX-PHcfMM5s6_jpeg.rf.74932d662e4077ea5e4374a0038e5757.jpg,416,416,mask,48,159,62,175
0_8w7mkX-PHcfMM5s6_jpeg.rf.74932d662e4077ea5e4374a0038e5757.jpg,416,416,mask,96,123,107,135
0_8w7mkX-PHcfMM5s6_jpeg.rf.74932d662e4077ea5e4374a0038e5757.jpg,416,416,mask,87,135,98,149
0_8w7mkX-PHcfMM5s6_jpeg.rf.74932d662e4077ea5e4374a0038e5757.jpg,416,416,no-mask,52,137,65,152
0_8w7mkX-PHcfMM5s6_jpeg.rf.74932d662e4077ea5e4374a0038e5757.jpg,416,416,no-mask,83,127,94,140
0_8w7mkX-PHcfMM5s6_jpeg.rf.74932d662e4077ea5e4374a0038e5757.jpg,416,416,no-mask,103,137,115,151
0_8w7mkX-PHcfMM5s6_jpeg.rf.74932d662e4077ea5e4374a0038e5757.jpg,416,416,no-mask,119,133,131,146
0_8w7mkX-PHcfMM5s6_jpeg.rf.74932d662e4077ea5e4374a0038e5757.jpg,416,416,no-mask,138,122,149,138
0_8w7mkX-PHcfMM5s6_jpeg.rf.74932d662e4077ea5e4374a0038e5757.jpg,416,416,mask,101,168,115,184
0_8w7mkX-PHcfMM5s6_jpeg.rf.74932d662e4077ea5e4374a0038e5757.jpg,416,416,mask,135,158,150,175
0_8w7mkX-PHcfMM5s6_jpeg.rf.74932d662e4077ea5e4374a0038e5757.jpg,416,416,mask,147,137,160,153
0_8w7mkX-PHcfMM5s6_jpeg.rf.74932d662e4077ea5e4374a0038e5757.jpg,416,416,mask,128,113,140,127
0_8w7mkX-PHcfMM5s6_jpeg.rf.74932d662e4077ea5e4374a0038e5757.jpg,416,416,mask,104,99,114,110
0_8w7mkX-PHcfMM5s6_jpeg.rf.74932d662e4077ea5e4374a0038e5757.jpg,416,416,mask,118,91,128,103
0_8w7mkX-PHcfMM5s6_jpeg.rf.74932d662e4077ea5e4374a0038e5757.jpg,416,416,mask,127,82,136,94
0_8w7mkX-PHcfMM5s6_jpeg.rf.74932d662e4077ea5e4374a0038e5757.jpg,416,416,mask,145,63,154,73
0_8w7mkX-PHcfMM5s6_jpeg.rf.74932d662e4077ea5e4374a0038e5757.jpg,416,416,mask,142,73,151,84
0_8w7mkX-PHcfMM5s6_jpeg.rf.74932d662e4077ea5e4374a0038e5757.jpg,416,416,mask,157,75,167,87
0_8w7mkX-PHcfMM5s6_jpeg.rf.74932d662e4077ea5e4374a0038e5757.jpg,416,416,no-mask,162,89,172,100
0_8w7mkX-PHcfMM5s6_jpeg.rf.74932d662e4077ea5e4374a0038e5757.jpg,416,416,mask,159,114,171,127
0_8w7mkX-PHcfMM5s6_jpeg.rf.74932d662e4077ea5e4374a0038e5757.jpg,416,416,mask,174,86,185,98
0_8w7mkX-PHcfMM5s6_jpeg.rf.74932d662e4077ea5e4374a0038e5757.jpg,416,416,mask,169,72,179,83
0_8w7mkX-PHcfMM5s6_jpeg.rf.74932d662e4077ea5e4374a0038e5757.jpg,416,416,mask,184,63,192,71
0_8w7mkX-PHcfMM5s6_jpeg.rf.74932d662e4077ea5e4374a0038e5757.jpg,416,416,mask,193,76,202,86
0_8w7mkX-PHcfMM5s6_jpeg.rf.74932d662e4077ea5e4374a0038e5757.jpg,416,416,mask,207,80,216,87
0_8w7mkX-PHcfMM5s6_jpeg.rf.74932d662e4077ea5e4374a0038e5757.jpg,416,416,mask,202,96,213,107
0_8w7mkX-PHcfMM5s6_jpeg.rf.74932d662e4077ea5e4374a0038e5757.jpg,416,416,mask,167,157,183,176
0_8w7mkX-PHcfMM5s6_jpeg.rf.74932d662e4077ea5e4374a0038e5757.jpg,416,416,mask,224,153,237,169
0_8w7mkX-PHcfMM5s6_jpeg.rf.74932d662e4077ea5e4374a0038e5757.jpg,416,416,mask,227,138,239,154
0_8w7mkX-PHcfMM5s6_jpeg.rf.74932d662e4077ea5e4374a0038e5757.jpg,416,416,mask,204,122,216,136
0_8w7mkX-PHcfMM5s6_jpeg.rf.74932d662e4077ea5e4374a0038e5757.jpg,416,416,mask,182,146,198,163
0_8w7mkX-PHcfMM5s6_jpeg.rf.74932d662e4077ea5e4374a0038e5757.jpg,416,416,mask,194,157,208,174
0_8w7mkX-PHcfMM5s6_jpeg.rf.74932d662e4077ea5e4374a0038e5757.jpg,416,416,mask,215,160,230,178
0_8w7mkX-PHcfMM5s6_jpeg.rf.74932d662e4077ea5e4374a0038e5757.jpg,416,416,mask,270,163,284,179
0_8w7mkX-PHcfMM5s6_jpeg.rf.74932d662e4077ea5e4374a0038e5757.jpg,416,416,mask,243,162,259,183
0_8w7mkX-PHcfMM5s6_jpeg.rf.74932d662e4077ea5e4374a0038e5757.jpg,416,416,mask,257,138,269,154
0_8w7mkX-PHcfMM5s6_jpeg.rf.74932d662e4077ea5e4374a0038e5757.jpg,416,416,no-mask,262,103,273,116
0_8w7mkX-PHcfMM5s6_jpeg.rf.74932d662e4077ea5e4374a0038e5757.jpg,416,416,no-mask,275,94,284,106
0_8w7mkX-PHcfMM5s6_jpeg.rf.74932d662e4077ea5e4374a0038e5757.jpg,416,416,mask,221,63,230,75
0_8w7mkX-PHcfMM5s6_jpeg.rf.74932d662e4077ea5e4374a0038e5757.jpg,416,416,mask,219,85,229,97
0_8w7mkX-PHcfMM5s6_jpeg.rf.74932d662e4077ea5e4374a0038e5757.jpg,416,416,mask,232,73,242,85
0_8w7mkX-PHcfMM5s6_jpeg.rf.74932d662e4077ea5e4374a0038e5757.jpg,416,416,mask,259,80,270,92
0_8w7mkX-PHcfMM5s6_jpeg.rf.74932d662e4077ea5e4374a0038e5757.jpg,416,416,mask,254,109,265,122
0_8w7mkX-PHcfMM5s6_jpeg.rf.74932d662e4077ea5e4374a0038e5757.jpg,416,416,mask,256,63,266,70
0_8w7mkX-PHcfMM5s6_jpeg.rf.74932d662e4077ea5e4374a0038e5757.jpg,416,416,mask,273,76,282,86
0_8w7mkX-PHcfMM5s6_jpeg.rf.74932d662e4077ea5e4374a0038e5757.jpg,416,416,mask,283,79,294,91
0_8w7mkX-PHcfMM5s6_jpeg.rf.74932d662e4077ea5e4374a0038e5757.jpg,416,416,mask,288,83,298,94
0_8w7mkX-PHcfMM5s6_jpeg.rf.74932d662e4077ea5e4374a0038e5757.jpg,416,416,mask,314,63,323,70
0_8w7mkX-PHcfMM5s6_jpeg.rf.74932d662e4077ea5e4374a0038e5757.jpg,416,416,mask,298,87,308,98
0_8w7mkX-PHcfMM5s6_jpeg.rf.74932d662e4077ea5e4374a0038e5757.jpg,416,416,mask,356,69,365,80
0_8w7mkX-PHcfMM5s6_jpeg.rf.74932d662e4077ea5e4374a0038e5757.jpg,416,416,mask,335,76,345,88
0_8w7mkX-PHcfMM5s6_jpeg.rf.74932d662e4077ea5e4374a0038e5757.jpg,416,416,mask,325,85,335,94
0_8w7mkX-PHcfMM5s6_jpeg.rf.74932d662e4077ea5e4374a0038e5757.jpg,416,416,no-mask,302,97,311,107
0_8w7mkX-PHcfMM5s6_jpeg.rf.74932d662e4077ea5e4374a0038e5757.jpg,416,416,no-mask,345,84,354,93
0_8w7mkX-PHcfMM5s6_jpeg.rf.74932d662e4077ea5e4374a0038e5757.jpg,416,416,no-mask,394,65,403,76
0_8w7mkX-PHcfMM5s6_jpeg.rf.74932d662e4077ea5e4374a0038e5757.jpg,416,416,mask,380,71,391,82
0_8w7mkX-PHcfMM5s6_jpeg.rf.74932d662e4077ea5e4374a0038e5757.jpg,416,416,mask,366,76,377,89
0_8w7mkX-PHcfMM5s6_jpeg.rf.74932d662e4077ea5e4374a0038e5757.jpg,416,416,mask,356,103,367,115
0_8w7mkX-PHcfMM5s6_jpeg.rf.74932d662e4077ea5e4374a0038e5757.jpg,416,416,mask,337,103,348,116
0_8w7mkX-PHcfMM5s6_jpeg.rf.74932d662e4077ea5e4374a0038e5757.jpg,416,416,mask,315,122,327,137
0_8w7mkX-PHcfMM5s6_jpeg.rf.74932d662e4077ea5e4374a0038e5757.jpg,416,416,mask,349,119,360,132
0_8w7mkX-PHcfMM5s6_jpeg.rf.74932d662e4077ea5e4374a0038e5757.jpg,416,416,mask,379,106,390,120
0_8w7mkX-PHcfMM5s6_jpeg.rf.74932d662e4077ea5e4374a0038e5757.jpg,416,416,mask,401,83,413,98
0_8w7mkX-PHcfMM5s6_jpeg.rf.74932d662e4077ea5e4374a0038e5757.jpg,416,416,mask,389,107,401,120
0_8w7mkX-PHcfMM5s6_jpeg.rf.74932d662e4077ea5e4374a0038e5757.jpg,416,416,mask,372,135,381,145
0_8w7mkX-PHcfMM5s6_jpeg.rf.74932d662e4077ea5e4374a0038e5757.jpg,416,416,mask,356,146,370,161
0_8w7mkX-PHcfMM5s6_jpeg.rf.74932d662e4077ea5e4374a0038e5757.jpg,416,416,mask,346,135,358,149
0_8w7mkX-PHcfMM5s6_jpeg.rf.74932d662e4077ea5e4374a0038e5757.jpg,416,416,mask,330,141,345,157
0_8w7mkX-PHcfMM5s6_jpeg.rf.74932d662e4077ea5e4374a0038e5757.jpg,416,416,mask,407,193,415,212
0_8w7mkX-PHcfMM5s6_jpeg.rf.74932d662e4077ea5e4374a0038e5757.jpg,416,416,mask,376,145,390,161
0_8w7mkX-PHcfMM5s6_jpeg.rf.74932d662e4077ea5e4374a0038e5757.jpg,416,416,mask,371,176,385,194
0_8w7mkX-PHcfMM5s6_jpeg.rf.74932d662e4077ea5e4374a0038e5757.jpg,416,416,mask,363,186,380,205
0_8w7mkX-PHcfMM5s6_jpeg.rf.74932d662e4077ea5e4374a0038e5757.jpg,416,416,mask,298,168,314,185
0_8w7mkX-PHcfMM5s6_jpeg.rf.74932d662e4077ea5e4374a0038e5757.jpg,416,416,mask,279,172,295,192
0_8w7mkX-PHcfMM5s6_jpeg.rf.74932d662e4077ea5e4374a0038e5757.jpg,416,416,mask,290,182,306,202
0_8w7mkX-PHcfMM5s6_jpeg.rf.74932d662e4077ea5e4374a0038e5757.jpg,416,416,mask,142,182,161,202
0_8w7mkX-PHcfMM5s6_jpeg.rf.74932d662e4077ea5e4374a0038e5757.jpg,416,416,mask,169,175,185,193
0_8w7mkX-PHcfMM5s6_jpeg.rf.74932d662e4077ea5e4374a0038e5757.jpg,416,416,mask,196,180,215,201
0_8w7mkX-PHcfMM5s6_jpeg.rf.74932d662e4077ea5e4374a0038e5757.jpg,416,416,mask,180,206,197,226
0_8w7mkX-PHcfMM5s6_jpeg.rf.74932d662e4077ea5e4374a0038e5757.jpg,416,416,mask,359,160,373,176
0_8w7mkX-PHcfMM5s6_jpeg.rf.74932d662e4077ea5e4374a0038e5757.jpg,416,416,mask,238,198,258,220
0_8w7mkX-PHcfMM5s6_jpeg.rf.74932d662e4077ea5e4374a0038e5757.jpg,416,416,mask,179,205,179,205
0_8w7mkX-PHcfMM5s6_jpeg.rf.74932d662e4077ea5e4374a0038e5757.jpg,416,416,mask,186,218,207,240
0_8w7mkX-PHcfMM5s6_jpeg.rf.74932d662e4077ea5e4374a0038e5757.jpg,416,416,mask,19,248,45,271
0_8w7mkX-PHcfMM5s6_jpeg.rf.74932d662e4077ea5e4374a0038e5757.jpg,416,416,mask,363,324,388,350
0_8w7mkX-PHcfMM5s6_jpeg.rf.74932d662e4077ea5e4374a0038e5757.jpg,416,416,mask,291,204,309,224
0_8w7mkX-PHcfMM5s6_jpeg.rf.74932d662e4077ea5e4374a0038e5757.jpg,416,416,mask,278,207,298,229
0_8w7mkX-PHcfMM5s6_jpeg.rf.74932d662e4077ea5e4374a0038e5757.jpg,416,416,mask,383,204,400,225
0_8w7mkX-PHcfMM5s6_jpeg.rf.74932d662e4077ea5e4374a0038e5757.jpg,416,416,mask,380,222,403,249
0_8w7mkX-PHcfMM5s6_jpeg.rf.74932d662e4077ea5e4374a0038e5757.jpg,416,416,mask,382,274,401,299
0_8w7mkX-PHcfMM5s6_jpeg.rf.74932d662e4077ea5e4374a0038e5757.jpg,416,416,mask,364,276,387,304
0_8w7mkX-PHcfMM5s6_jpeg.rf.74932d662e4077ea5e4374a0038e5757.jpg,416,416,mask,299,306,324,336
0_8w7mkX-PHcfMM5s6_jpeg.rf.74932d662e4077ea5e4374a0038e5757.jpg,416,416,mask,258,284,280,311
0_8w7mkX-PHcfMM5s6_jpeg.rf.74932d662e4077ea5e4374a0038e5757.jpg,416,416,mask,239,264,260,289
0_8w7mkX-PHcfMM5s6_jpeg.rf.74932d662e4077ea5e4374a0038e5757.jpg,416,416,mask,214,298,238,323
0_8w7mkX-PHcfMM5s6_jpeg.rf.74932d662e4077ea5e4374a0038e5757.jpg,416,416,mask,182,278,197,298
0_8w7mkX-PHcfMM5s6_jpeg.rf.74932d662e4077ea5e4374a0038e5757.jpg,416,416,mask,157,315,183,342
0_8w7mkX-PHcfMM5s6_jpeg.rf.74932d662e4077ea5e4374a0038e5757.jpg,416,416,mask,92,320,115,345
0_8w7mkX-PHcfMM5s6_jpeg.rf.74932d662e4077ea5e4374a0038e5757.jpg,416,416,mask,147,231,166,250
0_8w7mkX-PHcfMM5s6_jpeg.rf.74932d662e4077ea5e4374a0038e5757.jpg,416,416,mask,110,214,127,233
0_8w7mkX-PHcfMM5s6_jpeg.rf.74932d662e4077ea5e4374a0038e5757.jpg,416,416,mask,99,224,119,246
0_8w7mkX-PHcfMM5s6_jpeg.rf.74932d662e4077ea5e4374a0038e5757.jpg,416,416,mask,149,253,165,272
0_8w7mkX-PHcfMM5s6_jpeg.rf.74932d662e4077ea5e4374a0038e5757.jpg,416,416,mask,160,252,177,275
0_8w7mkX-PHcfMM5s6_jpeg.rf.74932d662e4077ea5e4374a0038e5757.jpg,416,416,mask,124,271,146,295
w1240-p16x9-6f1db5e0460631cfa98d2d6d8032942f81700bb0_jpg.rf.8c642180c2f1fc98109dad7ff09fe24c.jpg,416,416,no-mask,344,93,414,194
w1240-p16x9-6f1db5e0460631cfa98d2d6d8032942f81700bb0_jpg.rf.8c642180c2f1fc98109dad7ff09fe24c.jpg,416,416,mask,263,112,349,221
w1240-p16x9-6f1db5e0460631cfa98d2d6d8032942f81700bb0_jpg.rf.8c642180c2f1fc98109dad7ff09fe24c.jpg,416,416,mask,143,159,235,258
w1240-p16x9-6f1db5e0460631cfa98d2d6d8032942f81700bb0_jpg.rf.8c642180c2f1fc98109dad7ff09fe24c.jpg,416,416,mask,38,203,114,285
soooo_jpg.rf.accf5a6d0b0fe444b354a2d293821715.jpg,416,416,no-mask,252,70,322,129
soooo_jpg.rf.accf5a6d0b0fe444b354a2d293821715.jpg,416,416,mask,240,119,269,150
soooo_jpg.rf.accf5a6d0b0fe444b354a2d293821715.jpg,416,416,mask,81,157,149,222
soooo_jpg.rf.accf5a6d0b0fe444b354a2d293821715.jpg,416,416,mask,70,119,106,153
PHOTriZgIKIgsnNLdBJG75vj200203_1000x2000_jpg.rf.c21824c73f10288c1b316ecd78728b64.jpg,416,416,mask,316,126,362,179
PHOTriZgIKIgsnNLdBJG75vj200203_1000x2000_jpg.rf.c21824c73f10288c1b316ecd78728b64.jpg,416,416,mask,239,143,281,188
PHOTriZgIKIgsnNLdBJG75vj200203_1000x2000_jpg.rf.c21824c73f10288c1b316ecd78728b64.jpg,416,416,mask,179,117,214,161
PHOTriZgIKIgsnNLdBJG75vj200203_1000x2000_jpg.rf.c21824c73f10288c1b316ecd78728b64.jpg,416,416,mask,91,83,131,131
r1000019q689461s9r0_jpg.rf.ae75478d4b2292f9d43a58dc102771df.jpg,416,416,mask,227,50,308,147
101d6660a8974050b613dd2e6bd59390_jpg.rf.d2571bc2121193beb8e9f49af8fc7170.jpg,416,416,mask,335,139,382,201
101d6660a8974050b613dd2e6bd59390_jpg.rf.d2571bc2121193beb8e9f49af8fc7170.jpg,416,416,mask,208,104,253,167
101d6660a8974050b613dd2e6bd59390_jpg.rf.d2571bc2121193beb8e9f49af8fc7170.jpg,416,416,mask,173,154,220,214
101d6660a8974050b613dd2e6bd59390_jpg.rf.d2571bc2121193beb8e9f49af8fc7170.jpg,416,416,mask,59,142,114,203
upload-productImg-1527496119162_320_234_jpeg.rf.d7affc7d5fe3df8bc9a7c5b9678a3c3c.jpg,416,416,mask,34,25,318,346
1579683152-0e3ba5698b090c0fda95caa5d2aa7b31_jpg.rf.b49395264ccc2be2784ab367a8ac1307.jpg,416,416,mask,226,54,341,191
smartmi-3pcs-filter-mask-pm25-haze-dustproof-mask-with-vent_jpg.rf.c5b0c5b7666032c5b4634740eafde234.jpg,416,416,mask,268,71,382,219
smartmi-3pcs-filter-mask-pm25-haze-dustproof-mask-with-vent_jpg.rf.c5b0c5b7666032c5b4634740eafde234.jpg,416,416,mask,7,23,153,208
thai_cov-transmission030220_jpg.rf.bdec1f9f73cff2be8d795fcc7665525b.jpg,416,416,mask,317,110,338,132
thai_cov-transmission030220_jpg.rf.bdec1f9f73cff2be8d795fcc7665525b.jpg,416,416,mask,202,123,219,161
thai_cov-transmission030220_jpg.rf.bdec1f9f73cff2be8d795fcc7665525b.jpg,416,416,mask,116,99,158,164
thai_cov-transmission030220_jpg.rf.bdec1f9f73cff2be8d795fcc7665525b.jpg,416,416,mask,62,93,127,143
thai_cov-transmission030220_jpg.rf.bdec1f9f73cff2be8d795fcc7665525b.jpg,416,416,mask,149,120,176,168
thai_cov-transmission030220_jpg.rf.bdec1f9f73cff2be8d795fcc7665525b.jpg,416,416,mask,171,112,203,159
thai_cov-transmission030220_jpg.rf.bdec1f9f73cff2be8d795fcc7665525b.jpg,416,416,mask,386,130,403,157
thai_cov-transmission030220_jpg.rf.bdec1f9f73cff2be8d795fcc7665525b.jpg,416,416,mask,330,123,350,154
thai_cov-transmission030220_jpg.rf.bdec1f9f73cff2be8d795fcc7665525b.jpg,416,416,mask,343,117,380,154
thai_cov-transmission030220_jpg.rf.bdec1f9f73cff2be8d795fcc7665525b.jpg,416,416,mask,298,121,334,160
thai_cov-transmission030220_jpg.rf.bdec1f9f73cff2be8d795fcc7665525b.jpg,416,416,mask,255,102,289,142
thai_cov-transmission030220_jpg.rf.bdec1f9f73cff2be8d795fcc7665525b.jpg,416,416,mask,263,127,302,175
thai_cov-transmission030220_jpg.rf.bdec1f9f73cff2be8d795fcc7665525b.jpg,416,416,mask,269,191,314,243
RZXE24HFK5GSVKVSN57VCVPQ4M_jpg.rf.b60c1ee75de4ff9d4259198376ebb277.jpg,416,416,no-mask,171,114,190,134
RZXE24HFK5GSVKVSN57VCVPQ4M_jpg.rf.b60c1ee75de4ff9d4259198376ebb277.jpg,416,416,no-mask,179,134,202,157
RZXE24HFK5GSVKVSN57VCVPQ4M_jpg.rf.b60c1ee75de4ff9d4259198376ebb277.jpg,416,416,no-mask,327,109,364,149
RZXE24HFK5GSVKVSN57VCVPQ4M_jpg.rf.b60c1ee75de4ff9d4259198376ebb277.jpg,416,416,mask,154,122,170,139
RZXE24HFK5GSVKVSN57VCVPQ4M_jpg.rf.b60c1ee75de4ff9d4259198376ebb277.jpg,416,416,mask,200,119,221,142
RZXE24HFK5GSVKVSN57VCVPQ4M_jpg.rf.b60c1ee75de4ff9d4259198376ebb277.jpg,416,416,mask,254,123,288,161
RZXE24HFK5GSVKVSN57VCVPQ4M_jpg.rf.b60c1ee75de4ff9d4259198376ebb277.jpg,416,416,mask,301,129,327,157
RZXE24HFK5GSVKVSN57VCVPQ4M_jpg.rf.b60c1ee75de4ff9d4259198376ebb277.jpg,416,416,mask,370,122,398,161
RZXE24HFK5GSVKVSN57VCVPQ4M_jpg.rf.b60c1ee75de4ff9d4259198376ebb277.jpg,416,416,mask,92,104,117,135
1580053154-5839_jpg.rf.b5682ce5d695469972b6b564e9d1f0ef.jpg,416,416,mask,26,94,88,178
1580053154-5839_jpg.rf.b5682ce5d695469972b6b564e9d1f0ef.jpg,416,416,mask,245,70,285,123
1580053154-5839_jpg.rf.b5682ce5d695469972b6b564e9d1f0ef.jpg,416,416,mask,311,72,366,147
1580053154-5839_jpg.rf.b5682ce5d695469972b6b564e9d1f0ef.jpg,416,416,mask,221,90,266,170
1580053154-5839_jpg.rf.b5682ce5d695469972b6b564e9d1f0ef.jpg,416,416,mask,164,89,218,159
1580053154-5839_jpg.rf.b5682ce5d695469972b6b564e9d1f0ef.jpg,416,416,mask,75,106,138,202
1580053154-5839_jpg.rf.b5682ce5d695469972b6b564e9d1f0ef.jpg,416,416,mask,199,163,257,251
003_1024_jpeg.rf.bc025d99896124ddce6fa706b4a5c7b3.jpg,416,416,mask,357,140,414,233
003_1024_jpeg.rf.bc025d99896124ddce6fa706b4a5c7b3.jpg,416,416,mask,286,130,364,237
003_1024_jpeg.rf.bc025d99896124ddce6fa706b4a5c7b3.jpg,416,416,mask,2,96,75,226
skynews-coronavirus-london-fashion-week_4920359_jpg.rf.cf79aa98be9f8687d550dc35caf9edb6.jpg,416,416,mask,73,185,149,271
skynews-coronavirus-london-fashion-week_4920359_jpg.rf.cf79aa98be9f8687d550dc35caf9edb6.jpg,416,416,mask,156,159,238,243
skynews-coronavirus-london-fashion-week_4920359_jpg.rf.cf79aa98be9f8687d550dc35caf9edb6.jpg,416,416,mask,283,149,363,238
virus_protection123_jpg.rf.d401b0dc63d28e5afed1324e32b5e985.jpg,416,416,mask,284,53,364,150
virus_protection123_jpg.rf.d401b0dc63d28e5afed1324e32b5e985.jpg,416,416,mask,167,89,224,159
virus_protection123_jpg.rf.d401b0dc63d28e5afed1324e32b5e985.jpg,416,416,mask,90,75,143,135
virus_protection123_jpg.rf.d401b0dc63d28e5afed1324e32b5e985.jpg,416,416,mask,16,114,64,161
012106_jpg_1140x855_jpg.rf.c6524deb426da2c246a03ac0e610f0cb.jpg,416,416,mask,224,68,357,240
1030611863_jpg.rf.aa3b539ebd06efc89eab0b823f128b96.jpg,416,416,mask,96,183,102,192
1030611863_jpg.rf.aa3b539ebd06efc89eab0b823f128b96.jpg,416,416,mask,388,189,400,203
1030611863_jpg.rf.aa3b539ebd06efc89eab0b823f128b96.jpg,416,416,no-mask,236,185,247,198
1030611863_jpg.rf.aa3b539ebd06efc89eab0b823f128b96.jpg,416,416,mask,258,177,285,214
1030611863_jpg.rf.aa3b539ebd06efc89eab0b823f128b96.jpg,416,416,mask,189,166,221,209
1030611863_jpg.rf.aa3b539ebd06efc89eab0b823f128b96.jpg,416,416,mask,143,155,173,192
1030611863_jpg.rf.aa3b539ebd06efc89eab0b823f128b96.jpg,416,416,no-mask,16,182,29,199
1030611863_jpg.rf.aa3b539ebd06efc89eab0b823f128b96.jpg,416,416,no-mask,116,180,129,196
shutterstock_584407723_jpg.rf.bb5ad9ec2eb1ae4510ee88524e453043.jpg,416,416,mask,329,121,358,155
shutterstock_584407723_jpg.rf.bb5ad9ec2eb1ae4510ee88524e453043.jpg,416,416,mask,220,123,259,179
shutterstock_584407723_jpg.rf.bb5ad9ec2eb1ae4510ee88524e453043.jpg,416,416,mask,133,140,167,179
1422808187-3291816118_jpg.rf.d9c28ba7c110caac049036d25e367b65.jpg,416,416,mask,134,102,277,271
1539151332674193npsrq70_jpg.rf.c1fc5c301d12d8a77bd0bfc961876397.jpg,416,416,mask,157,29,207,84
phppaNXxb_jpg.rf.c406fdd46ea2438e4f111a6a35250d5a.jpg,416,416,mask,38,120,62,161
phppaNXxb_jpg.rf.c406fdd46ea2438e4f111a6a35250d5a.jpg,416,416,no-mask,0,132,10,176
phppaNXxb_jpg.rf.c406fdd46ea2438e4f111a6a35250d5a.jpg,416,416,no-mask,115,135,152,174
phppaNXxb_jpg.rf.c406fdd46ea2438e4f111a6a35250d5a.jpg,416,416,no-mask,292,121,331,169
phppaNXxb_jpg.rf.c406fdd46ea2438e4f111a6a35250d5a.jpg,416,416,mask,51,107,99,163
phppaNXxb_jpg.rf.c406fdd46ea2438e4f111a6a35250d5a.jpg,416,416,mask,165,114,208,168
phppaNXxb_jpg.rf.c406fdd46ea2438e4f111a6a35250d5a.jpg,416,416,mask,220,100,257,149
phppaNXxb_jpg.rf.c406fdd46ea2438e4f111a6a35250d5a.jpg,416,416,mask,256,128,303,185
phppaNXxb_jpg.rf.c406fdd46ea2438e4f111a6a35250d5a.jpg,416,416,mask,346,198,387,250
sdfsdfsfff_jpg.rf.c4aca6cc392df43f61e14ac002741ab6.jpg,416,416,mask,157,93,277,252
r1p00017o80q34s9781_jpg.rf.ce1875a23da51004225ab183255da6c5.jpg,416,416,no-mask,93,58,133,113
r1p00017o80q34s9781_jpg.rf.ce1875a23da51004225ab183255da6c5.jpg,416,416,mask,211,19,305,150
RTX7CD4D-e1580252893876_jpg.rf.d9113083bf979d446264b568cc49661a.jpg,416,416,mask,303,109,337,139
RTX7CD4D-e1580252893876_jpg.rf.d9113083bf979d446264b568cc49661a.jpg,416,416,mask,238,116,258,137
RTX7CD4D-e1580252893876_jpg.rf.d9113083bf979d446264b568cc49661a.jpg,416,416,mask,155,96,177,122
RTX7CD4D-e1580252893876_jpg.rf.d9113083bf979d446264b568cc49661a.jpg,416,416,mask,75,107,97,130
1477443223-1445746883_jpg.rf.d05e6a29597722ffcdb222614c353915.jpg,416,416,mask,255,99,386,262
1477443223-1445746883_jpg.rf.d05e6a29597722ffcdb222614c353915.jpg,416,416,mask,13,109,125,238
soo(1)_jpg.rf.d722163e3c3e0b9f1e4b7a73ea6893cb.jpg,416,416,mask,310,207,331,233
soo(1)_jpg.rf.d722163e3c3e0b9f1e4b7a73ea6893cb.jpg,416,416,no-mask,328,187,353,215
soo(1)_jpg.rf.d722163e3c3e0b9f1e4b7a73ea6893cb.jpg,416,416,no-mask,372,189,409,224
soo(1)_jpg.rf.d722163e3c3e0b9f1e4b7a73ea6893cb.jpg,416,416,mask,219,121,254,167
soo(1)_jpg.rf.d722163e3c3e0b9f1e4b7a73ea6893cb.jpg,416,416,mask,131,119,183,170
soo(1)_jpg.rf.d722163e3c3e0b9f1e4b7a73ea6893cb.jpg,416,416,mask,64,126,109,178
1125506397_15801322206131n_jpg.rf.da8fa082b994849888e09bb86b146aa0.jpg,416,416,mask,20,111,40,142
1125506397_15801322206131n_jpg.rf.da8fa082b994849888e09bb86b146aa0.jpg,416,416,mask,64,124,85,150
1125506397_15801322206131n_jpg.rf.da8fa082b994849888e09bb86b146aa0.jpg,416,416,mask,226,107,256,139
1125506397_15801322206131n_jpg.rf.da8fa082b994849888e09bb86b146aa0.jpg,416,416,mask,318,98,351,137
1125506397_15801322206131n_jpg.rf.da8fa082b994849888e09bb86b146aa0.jpg,416,416,mask,134,88,197,155
remote (1)_jpeg.rf.df7fe4fb8181ab460fc57d04a9991de5.jpg,416,416,mask,269,234,315,281
remote (1)_jpeg.rf.df7fe4fb8181ab460fc57d04a9991de5.jpg,416,416,mask,236,122,278,174
remote (1)_jpeg.rf.df7fe4fb8181ab460fc57d04a9991de5.jpg,416,416,mask,189,151,236,207
remote (1)_jpeg.rf.df7fe4fb8181ab460fc57d04a9991de5.jpg,416,416,mask,56,96,122,179
135e-huxwryw6451820_jpg.rf.e8f7c5a306ba8b15ab37577bae196c2f.jpg,416,416,mask,90,0,313,312
r1p00017o8357s6sno6_jpg.rf.e189080820479c894db2ff1725a7cbe0.jpg,416,416,mask,180,2,271,118
1482202839575_jpg.rf.e1a11347c2af5242298a581202adaee0.jpg,416,416,no-mask,66,168,82,191
1482202839575_jpg.rf.e1a11347c2af5242298a581202adaee0.jpg,416,416,no-mask,313,157,338,189
1482202839575_jpg.rf.e1a11347c2af5242298a581202adaee0.jpg,416,416,no-mask,367,148,395,179
1482202839575_jpg.rf.e1a11347c2af5242298a581202adaee0.jpg,416,416,no-mask,193,133,225,169
1482202839575_jpg.rf.e1a11347c2af5242298a581202adaee0.jpg,416,416,mask,265,132,294,164
012420_coronoa_masks_web_jpg.rf.dcc655a29611260a439d59c13b0cad1a.jpg,416,416,no-mask,28,145,66,189
012420_coronoa_masks_web_jpg.rf.dcc655a29611260a439d59c13b0cad1a.jpg,416,416,mask,332,92,354,106
012420_coronoa_masks_web_jpg.rf.dcc655a29611260a439d59c13b0cad1a.jpg,416,416,mask,367,182,408,237
012420_coronoa_masks_web_jpg.rf.dcc655a29611260a439d59c13b0cad1a.jpg,416,416,mask,355,101,390,151
012420_coronoa_masks_web_jpg.rf.dcc655a29611260a439d59c13b0cad1a.jpg,416,416,mask,295,93,330,131
012420_coronoa_masks_web_jpg.rf.dcc655a29611260a439d59c13b0cad1a.jpg,416,416,mask,248,145,287,193
012420_coronoa_masks_web_jpg.rf.dcc655a29611260a439d59c13b0cad1a.jpg,416,416,mask,256,92,290,130
012420_coronoa_masks_web_jpg.rf.dcc655a29611260a439d59c13b0cad1a.jpg,416,416,mask,187,93,224,129
012420_coronoa_masks_web_jpg.rf.dcc655a29611260a439d59c13b0cad1a.jpg,416,416,mask,90,93,124,128
012420_coronoa_masks_web_jpg.rf.dcc655a29611260a439d59c13b0cad1a.jpg,416,416,mask,187,131,222,175
012420_coronoa_masks_web_jpg.rf.dcc655a29611260a439d59c13b0cad1a.jpg,416,416,mask,197,216,236,266
012420_coronoa_masks_web_jpg.rf.dcc655a29611260a439d59c13b0cad1a.jpg,416,416,mask,216,239,263,291
012420_coronoa_masks_web_jpg.rf.dcc655a29611260a439d59c13b0cad1a.jpg,416,416,mask,136,274,181,320
012420_coronoa_masks_web_jpg.rf.dcc655a29611260a439d59c13b0cad1a.jpg,416,416,mask,2,254,41,310
012420_coronoa_masks_web_jpg.rf.dcc655a29611260a439d59c13b0cad1a.jpg,416,416,mask,53,216,83,259
012420_coronoa_masks_web_jpg.rf.dcc655a29611260a439d59c13b0cad1a.jpg,416,416,mask,33,232,72,280
012420_coronoa_masks_web_jpg.rf.dcc655a29611260a439d59c13b0cad1a.jpg,416,416,mask,11,114,48,154
012420_coronoa_masks_web_jpg.rf.dcc655a29611260a439d59c13b0cad1a.jpg,416,416,mask,97,150,140,196
15-08608-001_jpg.rf.f23eeb640db01b5c025ae54c9c6f3d7f.jpg,416,416,no-mask,47,159,98,227
15-08608-001_jpg.rf.f23eeb640db01b5c025ae54c9c6f3d7f.jpg,416,416,mask,300,160,344,223
15-08608-001_jpg.rf.f23eeb640db01b5c025ae54c9c6f3d7f.jpg,416,416,mask,243,106,287,170
15-08608-001_jpg.rf.f23eeb640db01b5c025ae54c9c6f3d7f.jpg,416,416,mask,111,120,151,189
r1000019q679o5611r7_jpg.rf.edff9783255fac6a6ee79a6e985c7af9.jpg,416,416,mask,135,4,245,121
Surgical-Mask-Effectiveness_jpg.rf.ecee1d8215799c8eacb670622f814af9.jpg,416,416,mask,194,116,350,299
Surgical-Mask-Effectiveness_jpg.rf.ecee1d8215799c8eacb670622f814af9.jpg,416,416,mask,58,126,208,291
1155x768_20200129000089_jpg.rf.e89d69a1fa6fc7cf08e8c30317f7274d.jpg,416,416,mask,359,118,415,249
1155x768_20200129000089_jpg.rf.e89d69a1fa6fc7cf08e8c30317f7274d.jpg,416,416,mask,284,145,332,201
1155x768_20200129000089_jpg.rf.e89d69a1fa6fc7cf08e8c30317f7274d.jpg,416,416,mask,163,142,219,216
1155x768_20200129000089_jpg.rf.e89d69a1fa6fc7cf08e8c30317f7274d.jpg,416,416,mask,27,143,56,176
1024x737_09186876046_jpg.rf.e999eaf25d69174a9c12b9777042b267.jpg,416,416,mask,99,60,141,110
1024x737_09186876046_jpg.rf.e999eaf25d69174a9c12b9777042b267.jpg,416,416,no-mask,185,94,247,159
1024x737_09186876046_jpg.rf.e999eaf25d69174a9c12b9777042b267.jpg,416,416,no-mask,51,82,124,160
1024x737_09186876046_jpg.rf.e999eaf25d69174a9c12b9777042b267.jpg,416,416,mask,247,121,297,199
1024x737_09186876046_jpg.rf.e999eaf25d69174a9c12b9777042b267.jpg,416,416,mask,361,90,415,209
1024x737_09186876046_jpg.rf.e999eaf25d69174a9c12b9777042b267.jpg,416,416,mask,285,126,373,227
1024x737_09186876046_jpg.rf.e999eaf25d69174a9c12b9777042b267.jpg,416,416,mask,87,136,148,231
1024x737_09186876046_jpg.rf.e999eaf25d69174a9c12b9777042b267.jpg,416,416,mask,141,141,219,240
1024x737_09186876046_jpg.rf.e999eaf25d69174a9c12b9777042b267.jpg,416,416,mask,10,142,98,245
sgssgg_jpeg.rf.f8a8d53430471346c8e823f41dd44afc.jpg,416,416,mask,42,188,72,237
sgssgg_jpeg.rf.f8a8d53430471346c8e823f41dd44afc.jpg,416,416,mask,0,175,52,236
sgssgg_jpeg.rf.f8a8d53430471346c8e823f41dd44afc.jpg,416,416,mask,74,216,118,263
sgssgg_jpeg.rf.f8a8d53430471346c8e823f41dd44afc.jpg,416,416,mask,94,155,128,191
sgssgg_jpeg.rf.f8a8d53430471346c8e823f41dd44afc.jpg,416,416,mask,127,145,154,178
sgssgg_jpeg.rf.f8a8d53430471346c8e823f41dd44afc.jpg,416,416,mask,183,172,220,210
sgssgg_jpeg.rf.f8a8d53430471346c8e823f41dd44afc.jpg,416,416,mask,208,143,239,175
sgssgg_jpeg.rf.f8a8d53430471346c8e823f41dd44afc.jpg,416,416,mask,263,164,290,198
sgssgg_jpeg.rf.f8a8d53430471346c8e823f41dd44afc.jpg,416,416,mask,297,183,327,216
sgssgg_jpeg.rf.f8a8d53430471346c8e823f41dd44afc.jpg,416,416,mask,327,191,369,245
11893820-3x2-xlarge_jpg.rf.ff6ffd94fa9e0d9dcfcc97380f0aede5.jpg,416,416,mask,186,69,228,114
11893820-3x2-xlarge_jpg.rf.ff6ffd94fa9e0d9dcfcc97380f0aede5.jpg,416,416,no-mask,241,193,294,273
11893820-3x2-xlarge_jpg.rf.ff6ffd94fa9e0d9dcfcc97380f0aede5.jpg,416,416,mask,46,71,79,105
11893820-3x2-xlarge_jpg.rf.ff6ffd94fa9e0d9dcfcc97380f0aede5.jpg,416,416,mask,363,118,406,170
11893820-3x2-xlarge_jpg.rf.ff6ffd94fa9e0d9dcfcc97380f0aede5.jpg,416,416,no-mask,291,109,331,156
11893820-3x2-xlarge_jpg.rf.ff6ffd94fa9e0d9dcfcc97380f0aede5.jpg,416,416,no-mask,394,70,415,106
11893820-3x2-xlarge_jpg.rf.ff6ffd94fa9e0d9dcfcc97380f0aede5.jpg,416,416,no-mask,336,78,370,121
11893820-3x2-xlarge_jpg.rf.ff6ffd94fa9e0d9dcfcc97380f0aede5.jpg,416,416,no-mask,285,73,325,110
11893820-3x2-xlarge_jpg.rf.ff6ffd94fa9e0d9dcfcc97380f0aede5.jpg,416,416,no-mask,217,108,257,153
11893820-3x2-xlarge_jpg.rf.ff6ffd94fa9e0d9dcfcc97380f0aede5.jpg,416,416,no-mask,239,71,280,115
11893820-3x2-xlarge_jpg.rf.ff6ffd94fa9e0d9dcfcc97380f0aede5.jpg,416,416,no-mask,18,70,52,118
11893820-3x2-xlarge_jpg.rf.ff6ffd94fa9e0d9dcfcc97380f0aede5.jpg,416,416,no-mask,79,72,114,117
11893820-3x2-xlarge_jpg.rf.ff6ffd94fa9e0d9dcfcc97380f0aede5.jpg,416,416,no-mask,116,191,182,275
11893820-3x2-xlarge_jpg.rf.ff6ffd94fa9e0d9dcfcc97380f0aede5.jpg,416,416,no-mask,65,151,112,220
11893820-3x2-xlarge_jpg.rf.ff6ffd94fa9e0d9dcfcc97380f0aede5.jpg,416,416,no-mask,1,153,53,224
11893820-3x2-xlarge_jpg.rf.ff6ffd94fa9e0d9dcfcc97380f0aede5.jpg,416,416,mask,285,237,337,306
11893820-3x2-xlarge_jpg.rf.ff6ffd94fa9e0d9dcfcc97380f0aede5.jpg,416,416,mask,316,158,363,228
11893820-3x2-xlarge_jpg.rf.ff6ffd94fa9e0d9dcfcc97380f0aede5.jpg,416,416,mask,177,113,225,183
11893820-3x2-xlarge_jpg.rf.ff6ffd94fa9e0d9dcfcc97380f0aede5.jpg,416,416,mask,255,139,308,208
11893820-3x2-xlarge_jpg.rf.ff6ffd94fa9e0d9dcfcc97380f0aede5.jpg,416,416,mask,51,236,126,341
1140-travelers-at-hong-kong-airport_jpg.rf.df931ff698a201d616311ed661b6a185.jpg,416,416,no-mask,18,132,40,158
1140-travelers-at-hong-kong-airport_jpg.rf.df931ff698a201d616311ed661b6a185.jpg,416,416,mask,343,89,375,125
1140-travelers-at-hong-kong-airport_jpg.rf.df931ff698a201d616311ed661b6a185.jpg,416,416,mask,101,97,133,133
1140-travelers-at-hong-kong-airport_jpg.rf.df931ff698a201d616311ed661b6a185.jpg,416,416,mask,185,170,210,202
1288788-une-employee-aide-des-voyageurs-en-provenance-de-chine-le-26-janvier-2020-a-l-aeroport-de-roissy_jpg.rf.f896f89876de52df2fed7086bc94d1fd.jpg,416,416,no-mask,367,72,414,136
1288788-une-employee-aide-des-voyageurs-en-provenance-de-chine-le-26-janvier-2020-a-l-aeroport-de-roissy_jpg.rf.f896f89876de52df2fed7086bc94d1fd.jpg,416,416,no-mask,170,123,237,220
1288788-une-employee-aide-des-voyageurs-en-provenance-de-chine-le-26-janvier-2020-a-l-aeroport-de-roissy_jpg.rf.f896f89876de52df2fed7086bc94d1fd.jpg,416,416,mask,243,128,304,212
1288788-une-employee-aide-des-voyageurs-en-provenance-de-chine-le-26-janvier-2020-a-l-aeroport-de-roissy_jpg.rf.f896f89876de52df2fed7086bc94d1fd.jpg,416,416,mask,114,75,175,166
1580048340614_jpg.rf.fef748a304d19ffc7c5250005c4a397d.jpg,416,416,no-mask,107,144,141,194
1580048340614_jpg.rf.fef748a304d19ffc7c5250005c4a397d.jpg,416,416,no-mask,264,101,291,133
1580048340614_jpg.rf.fef748a304d19ffc7c5250005c4a397d.jpg,416,416,mask,268,236,349,322
1580048340614_jpg.rf.fef748a304d19ffc7c5250005c4a397d.jpg,416,416,mask,251,140,292,214
1580048340614_jpg.rf.fef748a304d19ffc7c5250005c4a397d.jpg,416,416,mask,374,154,413,211
1580048340614_jpg.rf.fef748a304d19ffc7c5250005c4a397d.jpg,416,416,mask,366,105,397,146
1580048340614_jpg.rf.fef748a304d19ffc7c5250005c4a397d.jpg,416,416,mask,302,153,341,206
1580048340614_jpg.rf.fef748a304d19ffc7c5250005c4a397d.jpg,416,416,mask,199,133,258,217
1580048340614_jpg.rf.fef748a304d19ffc7c5250005c4a397d.jpg,416,416,mask,150,168,197,233
1580048340614_jpg.rf.fef748a304d19ffc7c5250005c4a397d.jpg,416,416,mask,83,183,137,260
1580048340614_jpg.rf.fef748a304d19ffc7c5250005c4a397d.jpg,416,416,mask,2,191,76,306
skypost16012020a01s_jpg.rf.f52aa2d35c2002c3003e1771ea8e650d.jpg,416,416,no-mask,277,114,305,147
skypost16012020a01s_jpg.rf.f52aa2d35c2002c3003e1771ea8e650d.jpg,416,416,no-mask,354,123,383,158
skypost16012020a01s_jpg.rf.f52aa2d35c2002c3003e1771ea8e650d.jpg,416,416,no-mask,388,150,413,194
skypost16012020a01s_jpg.rf.f52aa2d35c2002c3003e1771ea8e650d.jpg,416,416,no-mask,226,208,279,262
skypost16012020a01s_jpg.rf.f52aa2d35c2002c3003e1771ea8e650d.jpg,416,416,no-mask,241,179,288,224
skypost16012020a01s_jpg.rf.f52aa2d35c2002c3003e1771ea8e650d.jpg,416,416,no-mask,212,142,244,186
skypost16012020a01s_jpg.rf.f52aa2d35c2002c3003e1771ea8e650d.jpg,416,416,no-mask,186,131,218,172
skypost16012020a01s_jpg.rf.f52aa2d35c2002c3003e1771ea8e650d.jpg,416,416,no-mask,87,130,123,174
skypost16012020a01s_jpg.rf.f52aa2d35c2002c3003e1771ea8e650d.jpg,416,416,no-mask,36,141,72,180
skypost16012020a01s_jpg.rf.f52aa2d35c2002c3003e1771ea8e650d.jpg,416,416,no-mask,62,154,98,204
skypost16012020a01s_jpg.rf.f52aa2d35c2002c3003e1771ea8e650d.jpg,416,416,no-mask,60,202,103,247
skypost16012020a01s_jpg.rf.f52aa2d35c2002c3003e1771ea8e650d.jpg,416,416,no-mask,118,185,163,241
skypost16012020a01s_jpg.rf.f52aa2d35c2002c3003e1771ea8e650d.jpg,416,416,mask,329,197,387,262
skypost16012020a01s_jpg.rf.f52aa2d35c2002c3003e1771ea8e650d.jpg,416,416,mask,159,180,206,240
001_1024_jpeg.rf.f915f4689737658b59732df33fdbee22.jpg,416,416,mask,349,227,372,255
001_1024_jpeg.rf.f915f4689737658b59732df33fdbee22.jpg,416,416,mask,318,188,352,225
001_1024_jpeg.rf.f915f4689737658b59732df33fdbee22.jpg,416,416,mask,288,208,318,242
001_1024_jpeg.rf.f915f4689737658b59732df33fdbee22.jpg,416,416,mask,246,185,293,228
001_1024_jpeg.rf.f915f4689737658b59732df33fdbee22.jpg,416,416,mask,83,91,152,171
001_1024_jpeg.rf.f915f4689737658b59732df33fdbee22.jpg,416,416,mask,191,139,243,199
virus_jpg.rf.dc9789ac36ce03125dccaad2f106ed90.jpg,416,416,mask,296,138,331,169
virus_jpg.rf.dc9789ac36ce03125dccaad2f106ed90.jpg,416,416,mask,236,128,274,169
virus_jpg.rf.dc9789ac36ce03125dccaad2f106ed90.jpg,416,416,mask,145,148,176,178
virus_jpg.rf.dc9789ac36ce03125dccaad2f106ed90.jpg,416,416,mask,89,126,124,157
virus_jpg.rf.dc9789ac36ce03125dccaad2f106ed90.jpg,416,416,mask,13,90,60,139
0209-00176-076b1_jpg.rf.e9d992f7258f2c5ae8c29f76a727efda.jpg,416,416,mask,41,69,73,106
0209-00176-076b1_jpg.rf.e9d992f7258f2c5ae8c29f76a727efda.jpg,416,416,no-mask,79,93,141,170
0209-00176-076b1_jpg.rf.e9d992f7258f2c5ae8c29f76a727efda.jpg,416,416,mask,309,75,388,177
0209-00176-076b1_jpg.rf.e9d992f7258f2c5ae8c29f76a727efda.jpg,416,416,mask,156,95,226,174